ID	stim_file	start_vol	end_vol
sub-control001	01_H35_combined_small.mp4	238	256
sub-control001	02_H10_combined_small.mp4	496	511
sub-control001	03_H16_combined_small.mp4	207	223
sub-control001	04_S9_combined_small.mp4	767	782
sub-control001	05_K4_combined_small.mp4	964	979
sub-control001	06_H7_combined_small.mp4	403	419
sub-control001	07_K2_combined_small.mp4	996	1009
sub-control001	08_S12_combined_small.mp4	8	28
sub-control001	09_S11_combined_small.mp4	1088	1099
sub-control001	10_S27_combined_small.mp4	800	815
sub-control001	11_K21_long_combined_small.mp4	644	665
sub-control001	12_H37_combined_small.mp4	272	286
sub-control001	13_Trick6_short_combined_small.mp4	435	453
sub-control001	14_K19_long_combined_small.mp4	709	724
sub-control001	15_S18_combined_small.mp4	934	949
sub-control001	16_H19_combined_small.mp4	526	537
sub-control001	17_Trick37_combined_small.mp4	365	387
sub-control001	18_Trick4_combined_small.mp4	76	99
sub-control001	19_H17_combined_small.mp4	606	629
sub-control001	20_Trick20_short_combined_small.mp4	334	346
sub-control001	21_S15_combined_small.mp4	301	316
sub-control001	22_K18_combined_small.mp4	143	153
sub-control001	23_K10_combined_small.mp4	117	128
sub-control001	24_Trick28_combined_small.mp4	830	850
sub-control001	25_S25_combined_small.mp4	892	918
sub-control001	26_S30_combined_small.mp4	552	564
sub-control001	27_S31_combined_small.mp4	739	749
sub-control001	28_K24_combined_small.mp4	865	876
sub-control001	29_H36_combined_small.mp4	1052	1069
sub-control001	30_H15_combined_small.mp4	44	59
sub-control001	31_K3_combined_small.mp4	682	694
sub-control001	32_K16_short_combined_small.mp4	1115	1130
sub-control001	33_S21_combined_small.mp4	579	589
sub-control001	34_Trick38_combined_small.mp4	1024	1037
sub-control001	35_Trick32_long_combined_small.mp4	169	192
sub-control001	36_Trick7_short_combined_small.mp4	468	478
sub-control002	01_H35_combined_small.mp4	461	479
sub-control002	02_H10_combined_small.mp4	331	346
sub-control002	03_H16_combined_small.mp4	523	539
sub-control002	04_S9_combined_small.mp4	242	257
sub-control002	05_K4_combined_small.mp4	685	700
sub-control002	06_H7_combined_small.mp4	181	197
sub-control002	07_K2_combined_small.mp4	1086	1099
sub-control002	08_S12_combined_small.mp4	554	574
sub-control002	09_S11_combined_small.mp4	1030	1041
sub-control002	10_S27_combined_small.mp4	1114	1129
sub-control002	11_K21_long_combined_small.mp4	364	385
sub-control002	12_H37_combined_small.mp4	968	982
sub-control002	13_Trick6_short_combined_small.mp4	874	892
sub-control002	14_K19_long_combined_small.mp4	431	446
sub-control002	15_S18_combined_small.mp4	715	730
sub-control002	16_H19_combined_small.mp4	1057	1068
sub-control002	17_Trick37_combined_small.mp4	75	97
sub-control002	18_Trick4_combined_small.mp4	35	58
sub-control002	19_H17_combined_small.mp4	143	166
sub-control002	20_Trick20_short_combined_small.mp4	301	313
sub-control002	21_S15_combined_small.mp4	999	1014
sub-control002	22_K18_combined_small.mp4	497	507
sub-control002	23_K10_combined_small.mp4	657	668
sub-control002	24_Trick28_combined_small.mp4	933	953
sub-control002	25_S25_combined_small.mp4	616	642
sub-control002	26_S30_combined_small.mp4	8	20
sub-control002	27_S31_combined_small.mp4	589	599
sub-control002	28_K24_combined_small.mp4	116	127
sub-control002	29_H36_combined_small.mp4	841	858
sub-control002	30_H15_combined_small.mp4	212	227
sub-control002	31_K3_combined_small.mp4	274	286
sub-control002	32_K16_short_combined_small.mp4	400	415
sub-control002	33_S21_combined_small.mp4	907	917
sub-control002	34_Trick38_combined_small.mp4	813	826
sub-control002	35_Trick32_long_combined_small.mp4	745	768
sub-control002	36_Trick7_short_combined_small.mp4	786	796
sub-control003	01_H35_combined_small.mp4	126	144
sub-control003	02_H10_combined_small.mp4	871	886
sub-control003	03_H16_combined_small.mp4	414	430
sub-control003	04_S9_combined_small.mp4	1083	1098
sub-control003	05_K4_combined_small.mp4	33	48
sub-control003	06_H7_combined_small.mp4	773	789
sub-control003	07_K2_combined_small.mp4	159	172
sub-control003	08_S12_combined_small.mp4	697	717
sub-control003	09_S11_combined_small.mp4	558	569
sub-control003	10_S27_combined_small.mp4	901	916
sub-control003	11_K21_long_combined_small.mp4	351	372
sub-control003	12_H37_combined_small.mp4	668	682
sub-control003	13_Trick6_short_combined_small.mp4	93	111
sub-control003	14_K19_long_combined_small.mp4	1114	1129
sub-control003	15_S18_combined_small.mp4	995	1010
sub-control003	16_H19_combined_small.mp4	387	398
sub-control003	17_Trick37_combined_small.mp4	732	754
sub-control003	18_Trick4_combined_small.mp4	187	210
sub-control003	19_H17_combined_small.mp4	628	651
sub-control003	20_Trick20_short_combined_small.mp4	1052	1064
sub-control003	21_S15_combined_small.mp4	282	297
sub-control003	22_K18_combined_small.mp4	256	266
sub-control003	23_K10_combined_small.mp4	967	978
sub-control003	24_Trick28_combined_small.mp4	932	952
sub-control003	25_S25_combined_small.mp4	587	613
sub-control003	26_S30_combined_small.mp4	501	513
sub-control003	27_S31_combined_small.mp4	476	486
sub-control003	28_K24_combined_small.mp4	1025	1036
sub-control003	29_H36_combined_small.mp4	315	332
sub-control003	30_H15_combined_small.mp4	225	240
sub-control003	31_K3_combined_small.mp4	844	856
sub-control003	32_K16_short_combined_small.mp4	528	543
sub-control003	33_S21_combined_small.mp4	65	75
sub-control003	34_Trick38_combined_small.mp4	445	458
sub-control003	35_Trick32_long_combined_small.mp4	806	829
sub-control003	36_Trick7_short_combined_small.mp4	8	18
sub-control007	01_H35_combined_small.mp4	746	764
sub-control007	02_H10_combined_small.mp4	387	402
sub-control007	03_H16_combined_small.mp4	327	343
sub-control007	04_S9_combined_small.mp4	211	226
sub-control007	05_K4_combined_small.mp4	657	672
sub-control007	06_H7_combined_small.mp4	129	145
sub-control007	07_K2_combined_small.mp4	358	371
sub-control007	08_S12_combined_small.mp4	915	935
sub-control007	09_S11_combined_small.mp4	849	860
sub-control007	10_S27_combined_small.mp4	70	85
sub-control007	11_K21_long_combined_small.mp4	581	602
sub-control007	12_H37_combined_small.mp4	417	431
sub-control007	13_Trick6_short_combined_small.mp4	35	53
sub-control007	14_K19_long_combined_small.mp4	950	965
sub-control007	15_S18_combined_small.mp4	982	997
sub-control007	16_H19_combined_small.mp4	160	171
sub-control007	17_Trick37_combined_small.mp4	811	833
sub-control007	18_Trick4_combined_small.mp4	617	640
sub-control007	19_H17_combined_small.mp4	511	534
sub-control007	20_Trick20_short_combined_small.mp4	269	281
sub-control007	21_S15_combined_small.mp4	687	702
sub-control007	22_K18_combined_small.mp4	103	113
sub-control007	23_K10_combined_small.mp4	243	254
sub-control007	24_Trick28_combined_small.mp4	449	469
sub-control007	25_S25_combined_small.mp4	1012	1038
sub-control007	26_S30_combined_small.mp4	1117	1129
sub-control007	27_S31_combined_small.mp4	299	309
sub-control007	28_K24_combined_small.mp4	8	19
sub-control007	29_H36_combined_small.mp4	1053	1070
sub-control007	30_H15_combined_small.mp4	781	796
sub-control007	31_K3_combined_small.mp4	484	496
sub-control007	32_K16_short_combined_small.mp4	549	564
sub-control007	33_S21_combined_small.mp4	186	196
sub-control007	34_Trick38_combined_small.mp4	1089	1102
sub-control007	35_Trick32_long_combined_small.mp4	876	899
sub-control007	36_Trick7_short_combined_small.mp4	718	728
sub-control009	01_H35_combined_small.mp4	509	527
sub-control009	02_H10_combined_small.mp4	8	23
sub-control009	03_H16_combined_small.mp4	891	907
sub-control009	04_S9_combined_small.mp4	824	839
sub-control009	05_K4_combined_small.mp4	139	154
sub-control009	06_H7_combined_small.mp4	1020	1036
sub-control009	07_K2_combined_small.mp4	542	555
sub-control009	08_S12_combined_small.mp4	631	651
sub-control009	09_S11_combined_small.mp4	199	210
sub-control009	10_S27_combined_small.mp4	479	494
sub-control009	11_K21_long_combined_small.mp4	855	876
sub-control009	12_H37_combined_small.mp4	961	975
sub-control009	13_Trick6_short_combined_small.mp4	693	711
sub-control009	14_K19_long_combined_small.mp4	169	184
sub-control009	15_S18_combined_small.mp4	794	809
sub-control009	16_H19_combined_small.mp4	371	382
sub-control009	17_Trick37_combined_small.mp4	726	748
sub-control009	18_Trick4_combined_small.mp4	101	124
sub-control009	19_H17_combined_small.mp4	298	321
sub-control009	20_Trick20_short_combined_small.mp4	992	1004
sub-control009	21_S15_combined_small.mp4	67	82
sub-control009	22_K18_combined_small.mp4	605	615
sub-control009	23_K10_combined_small.mp4	423	434
sub-control009	24_Trick28_combined_small.mp4	1051	1071
sub-control009	25_S25_combined_small.mp4	226	252
sub-control009	26_S30_combined_small.mp4	1117	1129
sub-control009	27_S31_combined_small.mp4	767	777
sub-control009	28_K24_combined_small.mp4	449	460
sub-control009	29_H36_combined_small.mp4	570	587
sub-control009	30_H15_combined_small.mp4	268	283
sub-control009	31_K3_combined_small.mp4	38	50
sub-control009	32_K16_short_combined_small.mp4	338	353
sub-control009	33_S21_combined_small.mp4	668	678
sub-control009	34_Trick38_combined_small.mp4	1089	1102
sub-control009	35_Trick32_long_combined_small.mp4	923	946
sub-control009	36_Trick7_short_combined_small.mp4	397	407
sub-control011	01_H35_combined_small.mp4	525	543
sub-control011	02_H10_combined_small.mp4	788	803
sub-control011	03_H16_combined_small.mp4	494	510
sub-control011	04_S9_combined_small.mp4	660	675
sub-control011	05_K4_combined_small.mp4	370	385
sub-control011	06_H7_combined_small.mp4	1113	1129
sub-control011	07_K2_combined_small.mp4	913	926
sub-control011	08_S12_combined_small.mp4	1078	1098
sub-control011	09_S11_combined_small.mp4	439	450
sub-control011	10_S27_combined_small.mp4	190	205
sub-control011	11_K21_long_combined_small.mp4	99	120
sub-control011	12_H37_combined_small.mp4	941	955
sub-control011	13_Trick6_short_combined_small.mp4	719	737
sub-control011	14_K19_long_combined_small.mp4	34	49
sub-control011	15_S18_combined_small.mp4	66	81
sub-control011	16_H19_combined_small.mp4	344	355
sub-control011	17_Trick37_combined_small.mp4	220	242
sub-control011	18_Trick4_combined_small.mp4	972	995
sub-control011	19_H17_combined_small.mp4	401	424
sub-control011	20_Trick20_short_combined_small.mp4	884	896
sub-control011	21_S15_combined_small.mp4	755	770
sub-control011	22_K18_combined_small.mp4	286	296
sub-control011	23_K10_combined_small.mp4	8	19
sub-control011	24_Trick28_combined_small.mp4	590	610
sub-control011	25_S25_combined_small.mp4	818	844
sub-control011	26_S30_combined_small.mp4	1048	1060
sub-control011	27_S31_combined_small.mp4	469	479
sub-control011	28_K24_combined_small.mp4	259	270
sub-control011	29_H36_combined_small.mp4	625	642
sub-control011	30_H15_combined_small.mp4	558	573
sub-control011	31_K3_combined_small.mp4	314	326
sub-control011	32_K16_short_combined_small.mp4	160	175
sub-control011	33_S21_combined_small.mp4	859	869
sub-control011	34_Trick38_combined_small.mp4	691	704
sub-control011	35_Trick32_long_combined_small.mp4	1010	1033
sub-control011	36_Trick7_short_combined_small.mp4	135	145
sub-control013	01_H35_combined_small.mp4	74	92
sub-control013	02_H10_combined_small.mp4	198	213
sub-control013	03_H16_combined_small.mp4	321	337
sub-control013	04_S9_combined_small.mp4	505	520
sub-control013	05_K4_combined_small.mp4	686	701
sub-control013	06_H7_combined_small.mp4	1114	1130
sub-control013	07_K2_combined_small.mp4	170	183
sub-control013	08_S12_combined_small.mp4	897	917
sub-control013	09_S11_combined_small.mp4	784	795
sub-control013	10_S27_combined_small.mp4	813	828
sub-control013	11_K21_long_combined_small.mp4	8	29
sub-control013	12_H37_combined_small.mp4	435	449
sub-control013	13_Trick6_short_combined_small.mp4	1050	1068
sub-control013	14_K19_long_combined_small.mp4	958	973
sub-control013	15_S18_combined_small.mp4	259	274
sub-control013	16_H19_combined_small.mp4	600	611
sub-control013	17_Trick37_combined_small.mp4	716	738
sub-control013	18_Trick4_combined_small.mp4	536	559
sub-control013	19_H17_combined_small.mp4	464	487
sub-control013	20_Trick20_short_combined_small.mp4	1086	1098
sub-control013	21_S15_combined_small.mp4	628	643
sub-control013	22_K18_combined_small.mp4	871	881
sub-control013	23_K10_combined_small.mp4	574	585
sub-control013	24_Trick28_combined_small.mp4	135	155
sub-control013	25_S25_combined_small.mp4	393	419
sub-control013	26_S30_combined_small.mp4	990	1002
sub-control013	27_S31_combined_small.mp4	933	943
sub-control013	28_K24_combined_small.mp4	45	56
sub-control013	29_H36_combined_small.mp4	1017	1034
sub-control013	30_H15_combined_small.mp4	289	304
sub-control013	31_K3_combined_small.mp4	754	766
sub-control013	32_K16_short_combined_small.mp4	228	243
sub-control013	33_S21_combined_small.mp4	659	669
sub-control013	34_Trick38_combined_small.mp4	843	856
sub-control013	35_Trick32_long_combined_small.mp4	355	378
sub-control013	36_Trick7_short_combined_small.mp4	110	120
sub-control015	01_H35_combined_small.mp4	218	236
sub-control015	02_H10_combined_small.mp4	913	928
sub-control015	03_H16_combined_small.mp4	307	323
sub-control015	04_S9_combined_small.mp4	624	639
sub-control015	05_K4_combined_small.mp4	787	802
sub-control015	06_H7_combined_small.mp4	79	95
sub-control015	07_K2_combined_small.mp4	512	525
sub-control015	08_S12_combined_small.mp4	444	464
sub-control015	09_S11_combined_small.mp4	166	177
sub-control015	10_S27_combined_small.mp4	341	356
sub-control015	11_K21_long_combined_small.mp4	876	897
sub-control015	12_H37_combined_small.mp4	847	861
sub-control015	13_Trick6_short_combined_small.mp4	1074	1092
sub-control015	14_K19_long_combined_small.mp4	540	555
sub-control015	15_S18_combined_small.mp4	482	497
sub-control015	16_H19_combined_small.mp4	252	263
sub-control015	17_Trick37_combined_small.mp4	1033	1055
sub-control015	18_Trick4_combined_small.mp4	657	680
sub-control015	19_H17_combined_small.mp4	39	62
sub-control015	20_Trick20_short_combined_small.mp4	113	125
sub-control015	21_S15_combined_small.mp4	371	386
sub-control015	22_K18_combined_small.mp4	730	740
sub-control015	23_K10_combined_small.mp4	759	770
sub-control015	24_Trick28_combined_small.mp4	695	715
sub-control015	25_S25_combined_small.mp4	403	429
sub-control015	26_S30_combined_small.mp4	278	290
sub-control015	27_S31_combined_small.mp4	141	151
sub-control015	28_K24_combined_small.mp4	1006	1017
sub-control015	29_H36_combined_small.mp4	973	990
sub-control015	30_H15_combined_small.mp4	8	23
sub-control015	31_K3_combined_small.mp4	570	582
sub-control015	32_K16_short_combined_small.mp4	817	832
sub-control015	33_S21_combined_small.mp4	193	203
sub-control015	34_Trick38_combined_small.mp4	943	956
sub-control015	35_Trick32_long_combined_small.mp4	1107	1130
sub-control015	36_Trick7_short_combined_small.mp4	599	609
sub-control017	01_H35_combined_small.mp4	763	781
sub-control017	02_H10_combined_small.mp4	223	238
sub-control017	03_H16_combined_small.mp4	166	182
sub-control017	04_S9_combined_small.mp4	984	999
sub-control017	05_K4_combined_small.mp4	497	512
sub-control017	06_H7_combined_small.mp4	591	607
sub-control017	07_K2_combined_small.mp4	834	847
sub-control017	08_S12_combined_small.mp4	527	547
sub-control017	09_S11_combined_small.mp4	470	481
sub-control017	10_S27_combined_small.mp4	689	704
sub-control017	11_K21_long_combined_small.mp4	798	819
sub-control017	12_H37_combined_small.mp4	79	93
sub-control017	13_Trick6_short_combined_small.mp4	349	367
sub-control017	14_K19_long_combined_small.mp4	136	151
sub-control017	15_S18_combined_small.mp4	8	23
sub-control017	16_H19_combined_small.mp4	1015	1026
sub-control017	17_Trick37_combined_small.mp4	651	673
sub-control017	18_Trick4_combined_small.mp4	1107	1130
sub-control017	19_H17_combined_small.mp4	1069	1092
sub-control017	20_Trick20_short_combined_small.mp4	409	421
sub-control017	21_S15_combined_small.mp4	887	902
sub-control017	22_K18_combined_small.mp4	197	207
sub-control017	23_K10_combined_small.mp4	382	393
sub-control017	24_Trick28_combined_small.mp4	919	939
sub-control017	25_S25_combined_small.mp4	719	745
sub-control017	26_S30_combined_small.mp4	562	574
sub-control017	27_S31_combined_small.mp4	862	872
sub-control017	28_K24_combined_small.mp4	622	633
sub-control017	29_H36_combined_small.mp4	254	271
sub-control017	30_H15_combined_small.mp4	287	302
sub-control017	31_K3_combined_small.mp4	319	331
sub-control017	32_K16_short_combined_small.mp4	437	452
sub-control017	33_S21_combined_small.mp4	111	121
sub-control017	34_Trick38_combined_small.mp4	954	967
sub-control017	35_Trick32_long_combined_small.mp4	39	62
sub-control017	36_Trick7_short_combined_small.mp4	1041	1051
sub-control019	01_H35_combined_small.mp4	575	593
sub-control019	02_H10_combined_small.mp4	872	887
sub-control019	03_H16_combined_small.mp4	456	472
sub-control019	04_S9_combined_small.mp4	225	240
sub-control019	05_K4_combined_small.mp4	400	415
sub-control019	06_H7_combined_small.mp4	1028	1044
sub-control019	07_K2_combined_small.mp4	963	976
sub-control019	08_S12_combined_small.mp4	993	1013
sub-control019	09_S11_combined_small.mp4	548	559
sub-control019	10_S27_combined_small.mp4	75	90
sub-control019	11_K21_long_combined_small.mp4	364	385
sub-control019	12_H37_combined_small.mp4	158	172
sub-control019	13_Trick6_short_combined_small.mp4	930	948
sub-control019	14_K19_long_combined_small.mp4	610	625
sub-control019	15_S18_combined_small.mp4	43	58
sub-control019	16_H19_combined_small.mp4	846	857
sub-control019	17_Trick37_combined_small.mp4	187	209
sub-control019	18_Trick4_combined_small.mp4	706	729
sub-control019	19_H17_combined_small.mp4	290	313
sub-control019	20_Trick20_short_combined_small.mp4	1116	1128
sub-control019	21_S15_combined_small.mp4	330	345
sub-control019	22_K18_combined_small.mp4	680	690
sub-control019	23_K10_combined_small.mp4	744	755
sub-control019	24_Trick28_combined_small.mp4	8	28
sub-control019	25_S25_combined_small.mp4	773	799
sub-control019	26_S30_combined_small.mp4	1089	1101
sub-control019	27_S31_combined_small.mp4	108	118
sub-control019	28_K24_combined_small.mp4	1059	1070
sub-control019	29_H36_combined_small.mp4	257	274
sub-control019	30_H15_combined_small.mp4	518	533
sub-control019	31_K3_combined_small.mp4	902	914
sub-control019	32_K16_short_combined_small.mp4	816	831
sub-control019	33_S21_combined_small.mp4	133	143
sub-control019	34_Trick38_combined_small.mp4	490	503
sub-control019	35_Trick32_long_combined_small.mp4	640	663
sub-control019	36_Trick7_short_combined_small.mp4	431	441
sub-control021	01_H35_combined_small.mp4	46	64
sub-control021	02_H10_combined_small.mp4	1012	1027
sub-control021	03_H16_combined_small.mp4	1113	1129
sub-control021	04_S9_combined_small.mp4	699	714
sub-control021	05_K4_combined_small.mp4	816	831
sub-control021	06_H7_combined_small.mp4	488	504
sub-control021	07_K2_combined_small.mp4	908	921
sub-control021	08_S12_combined_small.mp4	232	252
sub-control021	09_S11_combined_small.mp4	140	151
sub-control021	10_S27_combined_small.mp4	669	684
sub-control021	11_K21_long_combined_small.mp4	846	867
sub-control021	12_H37_combined_small.mp4	585	599
sub-control021	13_Trick6_short_combined_small.mp4	295	313
sub-control021	14_K19_long_combined_small.mp4	330	345
sub-control021	15_S18_combined_small.mp4	110	125
sub-control021	16_H19_combined_small.mp4	616	627
sub-control021	17_Trick37_combined_small.mp4	547	569
sub-control021	18_Trick4_combined_small.mp4	1042	1065
sub-control021	19_H17_combined_small.mp4	8	31
sub-control021	20_Trick20_short_combined_small.mp4	519	531
sub-control021	21_S15_combined_small.mp4	454	469
sub-control021	22_K18_combined_small.mp4	730	740
sub-control021	23_K10_combined_small.mp4	81	92
sub-control021	24_Trick28_combined_small.mp4	363	383
sub-control021	25_S25_combined_small.mp4	971	997
sub-control021	26_S30_combined_small.mp4	205	217
sub-control021	27_S31_combined_small.mp4	791	801
sub-control021	28_K24_combined_small.mp4	268	279
sub-control021	29_H36_combined_small.mp4	936	953
sub-control021	30_H15_combined_small.mp4	759	774
sub-control021	31_K3_combined_small.mp4	427	439
sub-control021	32_K16_short_combined_small.mp4	1083	1098
sub-control021	33_S21_combined_small.mp4	642	652
sub-control021	34_Trick38_combined_small.mp4	398	411
sub-control021	35_Trick32_long_combined_small.mp4	167	190
sub-control021	36_Trick7_short_combined_small.mp4	882	892
sub-control023	01_H35_combined_small.mp4	386	404
sub-control023	02_H10_combined_small.mp4	909	924
sub-control023	03_H16_combined_small.mp4	745	761
sub-control023	04_S9_combined_small.mp4	203	218
sub-control023	05_K4_combined_small.mp4	143	158
sub-control023	06_H7_combined_small.mp4	552	568
sub-control023	07_K2_combined_small.mp4	524	537
sub-control023	08_S12_combined_small.mp4	672	692
sub-control023	09_S11_combined_small.mp4	328	339
sub-control023	10_S27_combined_small.mp4	940	955
sub-control023	11_K21_long_combined_small.mp4	107	128
sub-control023	12_H37_combined_small.mp4	842	856
sub-control023	13_Trick6_short_combined_small.mp4	1111	1129
sub-control023	14_K19_long_combined_small.mp4	46	61
sub-control023	15_S18_combined_small.mp4	1024	1039
sub-control023	16_H19_combined_small.mp4	273	284
sub-control023	17_Trick37_combined_small.mp4	707	729
sub-control023	18_Trick4_combined_small.mp4	871	894
sub-control023	19_H17_combined_small.mp4	234	257
sub-control023	20_Trick20_short_combined_small.mp4	358	370
sub-control023	21_S15_combined_small.mp4	811	826
sub-control023	22_K18_combined_small.mp4	78	88
sub-control023	23_K10_combined_small.mp4	1054	1065
sub-control023	24_Trick28_combined_small.mp4	610	630
sub-control023	25_S25_combined_small.mp4	483	509
sub-control023	26_S30_combined_small.mp4	453	465
sub-control023	27_S31_combined_small.mp4	999	1009
sub-control023	28_K24_combined_small.mp4	299	310
sub-control023	29_H36_combined_small.mp4	420	437
sub-control023	30_H15_combined_small.mp4	779	794
sub-control023	31_K3_combined_small.mp4	970	982
sub-control023	32_K16_short_combined_small.mp4	173	188
sub-control023	33_S21_combined_small.mp4	645	655
sub-control023	34_Trick38_combined_small.mp4	1083	1096
sub-control023	35_Trick32_long_combined_small.mp4	8	31
sub-control023	36_Trick7_short_combined_small.mp4	583	593
sub-control025	01_H35_combined_small.mp4	107	125
sub-control025	02_H10_combined_small.mp4	8	23
sub-control025	03_H16_combined_small.mp4	73	89
sub-control025	04_S9_combined_small.mp4	702	717
sub-control025	05_K4_combined_small.mp4	910	925
sub-control025	06_H7_combined_small.mp4	482	498
sub-control025	07_K2_combined_small.mp4	1116	1129
sub-control025	08_S12_combined_small.mp4	1040	1060
sub-control025	09_S11_combined_small.mp4	549	560
sub-control025	10_S27_combined_small.mp4	795	810
sub-control025	11_K21_long_combined_small.mp4	513	534
sub-control025	12_H37_combined_small.mp4	733	747
sub-control025	13_Trick6_short_combined_small.mp4	1007	1025
sub-control025	14_K19_long_combined_small.mp4	302	317
sub-control025	15_S18_combined_small.mp4	372	387
sub-control025	16_H19_combined_small.mp4	453	464
sub-control025	17_Trick37_combined_small.mp4	140	162
sub-control025	18_Trick4_combined_small.mp4	969	992
sub-control025	19_H17_combined_small.mp4	1078	1101
sub-control025	20_Trick20_short_combined_small.mp4	765	777
sub-control025	21_S15_combined_small.mp4	631	646
sub-control025	22_K18_combined_small.mp4	576	586
sub-control025	23_K10_combined_small.mp4	825	836
sub-control025	24_Trick28_combined_small.mp4	334	354
sub-control025	25_S25_combined_small.mp4	178	204
sub-control025	26_S30_combined_small.mp4	604	616
sub-control025	27_S31_combined_small.mp4	428	438
sub-control025	28_K24_combined_small.mp4	249	260
sub-control025	29_H36_combined_small.mp4	38	55
sub-control025	30_H15_combined_small.mp4	219	234
sub-control025	31_K3_combined_small.mp4	940	952
sub-control025	32_K16_short_combined_small.mp4	851	866
sub-control025	33_S21_combined_small.mp4	277	287
sub-control025	34_Trick38_combined_small.mp4	881	894
sub-control025	35_Trick32_long_combined_small.mp4	664	687
sub-control025	36_Trick7_short_combined_small.mp4	402	412
sub-control027	01_H35_combined_small.mp4	307	325
sub-control027	02_H10_combined_small.mp4	466	481
sub-control027	03_H16_combined_small.mp4	919	935
sub-control027	04_S9_combined_small.mp4	402	417
sub-control027	05_K4_combined_small.mp4	847	862
sub-control027	06_H7_combined_small.mp4	1113	1129
sub-control027	07_K2_combined_small.mp4	1018	1031
sub-control027	08_S12_combined_small.mp4	651	671
sub-control027	09_S11_combined_small.mp4	62	73
sub-control027	10_S27_combined_small.mp4	248	263
sub-control027	11_K21_long_combined_small.mp4	92	113
sub-control027	12_H37_combined_small.mp4	788	802
sub-control027	13_Trick6_short_combined_small.mp4	724	742
sub-control027	14_K19_long_combined_small.mp4	343	358
sub-control027	15_S18_combined_small.mp4	433	448
sub-control027	16_H19_combined_small.mp4	153	164
sub-control027	17_Trick37_combined_small.mp4	1046	1068
sub-control027	18_Trick4_combined_small.mp4	584	607
sub-control027	19_H17_combined_small.mp4	686	709
sub-control027	20_Trick20_short_combined_small.mp4	554	566
sub-control027	21_S15_combined_small.mp4	950	965
sub-control027	22_K18_combined_small.mp4	1087	1097
sub-control027	23_K10_combined_small.mp4	760	771
sub-control027	24_Trick28_combined_small.mp4	983	1003
sub-control027	25_S25_combined_small.mp4	877	903
sub-control027	26_S30_combined_small.mp4	33	45
sub-control027	27_S31_combined_small.mp4	529	539
sub-control027	28_K24_combined_small.mp4	278	289
sub-control027	29_H36_combined_small.mp4	496	513
sub-control027	30_H15_combined_small.mp4	179	194
sub-control027	31_K3_combined_small.mp4	622	634
sub-control027	32_K16_short_combined_small.mp4	817	832
sub-control027	33_S21_combined_small.mp4	128	138
sub-control027	34_Trick38_combined_small.mp4	373	386
sub-control027	35_Trick32_long_combined_small.mp4	209	232
sub-control027	36_Trick7_short_combined_small.mp4	8	18
sub-control029	01_H35_combined_small.mp4	1111	1129
sub-control029	02_H10_combined_small.mp4	162	177
sub-control029	03_H16_combined_small.mp4	369	385
sub-control029	04_S9_combined_small.mp4	1009	1024
sub-control029	05_K4_combined_small.mp4	217	232
sub-control029	06_H7_combined_small.mp4	428	444
sub-control029	07_K2_combined_small.mp4	632	645
sub-control029	08_S12_combined_small.mp4	974	994
sub-control029	09_S11_combined_small.mp4	688	699
sub-control029	10_S27_combined_small.mp4	104	119
sub-control029	11_K21_long_combined_small.mp4	881	902
sub-control029	12_H37_combined_small.mp4	603	617
sub-control029	13_Trick6_short_combined_small.mp4	8	26
sub-control029	14_K19_long_combined_small.mp4	756	771
sub-control029	15_S18_combined_small.mp4	1040	1055
sub-control029	16_H19_combined_small.mp4	286	297
sub-control029	17_Trick37_combined_small.mp4	248	270
sub-control029	18_Trick4_combined_small.mp4	563	586
sub-control029	19_H17_combined_small.mp4	1073	1096
sub-control029	20_Trick20_short_combined_small.mp4	134	146
sub-control029	21_S15_combined_small.mp4	850	865
sub-control029	22_K18_combined_small.mp4	946	956
sub-control029	23_K10_combined_small.mp4	662	673
sub-control029	24_Trick28_combined_small.mp4	815	835
sub-control029	25_S25_combined_small.mp4	492	518
sub-control029	26_S30_combined_small.mp4	401	413
sub-control029	27_S31_combined_small.mp4	76	86
sub-control029	28_K24_combined_small.mp4	788	799
sub-control029	29_H36_combined_small.mp4	41	58
sub-control029	30_H15_combined_small.mp4	462	477
sub-control029	31_K3_combined_small.mp4	314	326
sub-control029	32_K16_short_combined_small.mp4	533	548
sub-control029	33_S21_combined_small.mp4	344	354
sub-control029	34_Trick38_combined_small.mp4	918	931
sub-control029	35_Trick32_long_combined_small.mp4	715	738
sub-control029	36_Trick7_short_combined_small.mp4	192	202
sub-control031	01_H35_combined_small.mp4	588	606
sub-control031	02_H10_combined_small.mp4	684	699
sub-control031	03_H16_combined_small.mp4	653	669
sub-control031	04_S9_combined_small.mp4	187	202
sub-control031	05_K4_combined_small.mp4	306	321
sub-control031	06_H7_combined_small.mp4	1055	1071
sub-control031	07_K2_combined_small.mp4	455	468
sub-control031	08_S12_combined_small.mp4	8	28
sub-control031	09_S11_combined_small.mp4	425	436
sub-control031	10_S27_combined_small.mp4	76	91
sub-control031	11_K21_long_combined_small.mp4	850	871
sub-control031	12_H37_combined_small.mp4	745	759
sub-control031	13_Trick6_short_combined_small.mp4	817	835
sub-control031	14_K19_long_combined_small.mp4	246	261
sub-control031	15_S18_combined_small.mp4	1025	1040
sub-control031	16_H19_combined_small.mp4	339	350
sub-control031	17_Trick37_combined_small.mp4	483	505
sub-control031	18_Trick4_combined_small.mp4	947	970
sub-control031	19_H17_combined_small.mp4	987	1010
sub-control031	20_Trick20_short_combined_small.mp4	276	288
sub-control031	21_S15_combined_small.mp4	1089	1104
sub-control031	22_K18_combined_small.mp4	399	409
sub-control031	23_K10_combined_small.mp4	109	120
sub-control031	24_Trick28_combined_small.mp4	912	932
sub-control031	25_S25_combined_small.mp4	776	802
sub-control031	26_S30_combined_small.mp4	218	230
sub-control031	27_S31_combined_small.mp4	1120	1130
sub-control031	28_K24_combined_small.mp4	521	532
sub-control031	29_H36_combined_small.mp4	365	382
sub-control031	30_H15_combined_small.mp4	621	636
sub-control031	31_K3_combined_small.mp4	135	147
sub-control031	32_K16_short_combined_small.mp4	44	59
sub-control031	33_S21_combined_small.mp4	162	172
sub-control031	34_Trick38_combined_small.mp4	714	727
sub-control031	35_Trick32_long_combined_small.mp4	548	571
sub-control031	36_Trick7_short_combined_small.mp4	886	896
sub-control033	01_H35_combined_small.mp4	652	670
sub-control033	02_H10_combined_small.mp4	715	730
sub-control033	03_H16_combined_small.mp4	1045	1061
sub-control033	04_S9_combined_small.mp4	399	414
sub-control033	05_K4_combined_small.mp4	592	607
sub-control033	06_H7_combined_small.mp4	431	447
sub-control033	07_K2_combined_small.mp4	266	279
sub-control033	08_S12_combined_small.mp4	364	384
sub-control033	09_S11_combined_small.mp4	85	96
sub-control033	10_S27_combined_small.mp4	921	936
sub-control033	11_K21_long_combined_small.mp4	1109	1130
sub-control033	12_H37_combined_small.mp4	814	828
sub-control033	13_Trick6_short_combined_small.mp4	8	26
sub-control033	14_K19_long_combined_small.mp4	197	212
sub-control033	15_S18_combined_small.mp4	1079	1094
sub-control033	16_H19_combined_small.mp4	533	544
sub-control033	17_Trick37_combined_small.mp4	294	316
sub-control033	18_Trick4_combined_small.mp4	774	797
sub-control033	19_H17_combined_small.mp4	495	518
sub-control033	20_Trick20_short_combined_small.mp4	687	699
sub-control033	21_S15_combined_small.mp4	115	130
sub-control033	22_K18_combined_small.mp4	146	156
sub-control033	23_K10_combined_small.mp4	745	756
sub-control033	24_Trick28_combined_small.mp4	1010	1030
sub-control033	25_S25_combined_small.mp4	42	68
sub-control033	26_S30_combined_small.mp4	983	995
sub-control033	27_S31_combined_small.mp4	172	182
sub-control033	28_K24_combined_small.mp4	868	879
sub-control033	29_H36_combined_small.mp4	559	576
sub-control033	30_H15_combined_small.mp4	951	966
sub-control033	31_K3_combined_small.mp4	334	346
sub-control033	32_K16_short_combined_small.mp4	462	477
sub-control033	33_S21_combined_small.mp4	895	905
sub-control033	34_Trick38_combined_small.mp4	624	637
sub-control033	35_Trick32_long_combined_small.mp4	227	250
sub-control033	36_Trick7_short_combined_small.mp4	843	853
sub-control035	01_H35_combined_small.mp4	490	508
sub-control035	02_H10_combined_small.mp4	1026	1041
sub-control035	03_H16_combined_small.mp4	203	219
sub-control035	04_S9_combined_small.mp4	268	283
sub-control035	05_K4_combined_small.mp4	831	846
sub-control035	06_H7_combined_small.mp4	456	472
sub-control035	07_K2_combined_small.mp4	1116	1129
sub-control035	08_S12_combined_small.mp4	141	161
sub-control035	09_S11_combined_small.mp4	73	84
sub-control035	10_S27_combined_small.mp4	1086	1101
sub-control035	11_K21_long_combined_small.mp4	393	414
sub-control035	12_H37_combined_small.mp4	965	979
sub-control035	13_Trick6_short_combined_small.mp4	655	673
sub-control035	14_K19_long_combined_small.mp4	717	732
sub-control035	15_S18_combined_small.mp4	996	1011
sub-control035	16_H19_combined_small.mp4	430	441
sub-control035	17_Trick37_combined_small.mp4	103	125
sub-control035	18_Trick4_combined_small.mp4	299	322
sub-control035	19_H17_combined_small.mp4	927	950
sub-control035	20_Trick20_short_combined_small.mp4	775	787
sub-control035	21_S15_combined_small.mp4	624	639
sub-control035	22_K18_combined_small.mp4	805	815
sub-control035	23_K10_combined_small.mp4	339	350
sub-control035	24_Trick28_combined_small.mp4	861	881
sub-control035	25_S25_combined_small.mp4	551	577
sub-control035	26_S30_combined_small.mp4	176	188
sub-control035	27_S31_combined_small.mp4	747	757
sub-control035	28_K24_combined_small.mp4	690	701
sub-control035	29_H36_combined_small.mp4	234	251
sub-control035	30_H15_combined_small.mp4	592	607
sub-control035	31_K3_combined_small.mp4	1056	1068
sub-control035	32_K16_short_combined_small.mp4	896	911
sub-control035	33_S21_combined_small.mp4	368	378
sub-control035	34_Trick38_combined_small.mp4	523	536
sub-control035	35_Trick32_long_combined_small.mp4	8	31
sub-control035	36_Trick7_short_combined_small.mp4	46	56
sub-control037	01_H35_combined_small.mp4	804	822
sub-control037	02_H10_combined_small.mp4	1114	1129
sub-control037	03_H16_combined_small.mp4	738	754
sub-control037	04_S9_combined_small.mp4	616	631
sub-control037	05_K4_combined_small.mp4	520	535
sub-control037	06_H7_combined_small.mp4	677	693
sub-control037	07_K2_combined_small.mp4	492	505
sub-control037	08_S12_combined_small.mp4	269	289
sub-control037	09_S11_combined_small.mp4	875	886
sub-control037	10_S27_combined_small.mp4	124	139
sub-control037	11_K21_long_combined_small.mp4	1078	1099
sub-control037	12_H37_combined_small.mp4	366	380
sub-control037	13_Trick6_short_combined_small.mp4	34	52
sub-control037	14_K19_long_combined_small.mp4	928	943
sub-control037	15_S18_combined_small.mp4	772	787
sub-control037	16_H19_combined_small.mp4	8	19
sub-control037	17_Trick37_combined_small.mp4	230	252
sub-control037	18_Trick4_combined_small.mp4	576	599
sub-control037	19_H17_combined_small.mp4	395	418
sub-control037	20_Trick20_short_combined_small.mp4	647	659
sub-control037	21_S15_combined_small.mp4	332	347
sub-control037	22_K18_combined_small.mp4	550	560
sub-control037	23_K10_combined_small.mp4	304	315
sub-control037	24_Trick28_combined_small.mp4	195	215
sub-control037	25_S25_combined_small.mp4	154	180
sub-control037	26_S30_combined_small.mp4	97	109
sub-control037	27_S31_combined_small.mp4	69	79
sub-control037	28_K24_combined_small.mp4	462	473
sub-control037	29_H36_combined_small.mp4	990	1007
sub-control037	30_H15_combined_small.mp4	708	723
sub-control037	31_K3_combined_small.mp4	1023	1035
sub-control037	32_K16_short_combined_small.mp4	958	973
sub-control037	33_S21_combined_small.mp4	902	912
sub-control037	34_Trick38_combined_small.mp4	434	447
sub-control037	35_Trick32_long_combined_small.mp4	837	860
sub-control037	36_Trick7_short_combined_small.mp4	1050	1060
sub-control039	01_H35_combined_small.mp4	748	766
sub-control039	02_H10_combined_small.mp4	101	116
sub-control039	03_H16_combined_small.mp4	34	50
sub-control039	04_S9_combined_small.mp4	67	82
sub-control039	05_K4_combined_small.mp4	600	615
sub-control039	06_H7_combined_small.mp4	838	854
sub-control039	07_K2_combined_small.mp4	325	338
sub-control039	08_S12_combined_small.mp4	976	996
sub-control039	09_S11_combined_small.mp4	683	694
sub-control039	10_S27_combined_small.mp4	409	424
sub-control039	11_K21_long_combined_small.mp4	505	526
sub-control039	12_H37_combined_small.mp4	1041	1055
sub-control039	13_Trick6_short_combined_small.mp4	472	490
sub-control039	14_K19_long_combined_small.mp4	439	454
sub-control039	15_S18_combined_small.mp4	1114	1129
sub-control039	16_H19_combined_small.mp4	297	308
sub-control039	17_Trick37_combined_small.mp4	156	178
sub-control039	18_Trick4_combined_small.mp4	898	921
sub-control039	19_H17_combined_small.mp4	936	959
sub-control039	20_Trick20_short_combined_small.mp4	783	795
sub-control039	21_S15_combined_small.mp4	266	281
sub-control039	22_K18_combined_small.mp4	8	18
sub-control039	23_K10_combined_small.mp4	630	641
sub-control039	24_Trick28_combined_small.mp4	710	730
sub-control039	25_S25_combined_small.mp4	1073	1099
sub-control039	26_S30_combined_small.mp4	811	823
sub-control039	27_S31_combined_small.mp4	383	393
sub-control039	28_K24_combined_small.mp4	356	367
sub-control039	29_H36_combined_small.mp4	194	211
sub-control039	30_H15_combined_small.mp4	541	556
sub-control039	31_K3_combined_small.mp4	571	583
sub-control039	32_K16_short_combined_small.mp4	1011	1026
sub-control039	33_S21_combined_small.mp4	658	668
sub-control039	34_Trick38_combined_small.mp4	869	882
sub-control039	35_Trick32_long_combined_small.mp4	227	250
sub-control039	36_Trick7_short_combined_small.mp4	131	141
sub-control041	01_H35_combined_small.mp4	183	201
sub-control041	02_H10_combined_small.mp4	430	445
sub-control041	03_H16_combined_small.mp4	1014	1030
sub-control041	04_S9_combined_small.mp4	83	98
sub-control041	05_K4_combined_small.mp4	770	785
sub-control041	06_H7_combined_small.mp4	573	589
sub-control041	07_K2_combined_small.mp4	339	352
sub-control041	08_S12_combined_small.mp4	8	28
sub-control041	09_S11_combined_small.mp4	546	557
sub-control041	10_S27_combined_small.mp4	516	531
sub-control041	11_K21_long_combined_small.mp4	831	852
sub-control041	12_H37_combined_small.mp4	802	816
sub-control041	13_Trick6_short_combined_small.mp4	150	168
sub-control041	14_K19_long_combined_small.mp4	644	659
sub-control041	15_S18_combined_small.mp4	1045	1060
sub-control041	16_H19_combined_small.mp4	948	959
sub-control041	17_Trick37_combined_small.mp4	676	698
sub-control041	18_Trick4_combined_small.mp4	43	66
sub-control041	19_H17_combined_small.mp4	606	629
sub-control041	20_Trick20_short_combined_small.mp4	370	382
sub-control041	21_S15_combined_small.mp4	398	413
sub-control041	22_K18_combined_small.mp4	490	500
sub-control041	23_K10_combined_small.mp4	922	933
sub-control041	24_Trick28_combined_small.mp4	272	292
sub-control041	25_S25_combined_small.mp4	1103	1129
sub-control041	26_S30_combined_small.mp4	460	472
sub-control041	27_S31_combined_small.mp4	246	256
sub-control041	28_K24_combined_small.mp4	867	878
sub-control041	29_H36_combined_small.mp4	117	134
sub-control041	30_H15_combined_small.mp4	216	231
sub-control041	31_K3_combined_small.mp4	894	906
sub-control041	32_K16_short_combined_small.mp4	307	322
sub-control041	33_S21_combined_small.mp4	1078	1088
sub-control041	34_Trick38_combined_small.mp4	714	727
sub-control041	35_Trick32_long_combined_small.mp4	976	999
sub-control041	36_Trick7_short_combined_small.mp4	742	752
sub-control043	01_H35_combined_small.mp4	38	56
sub-control043	02_H10_combined_small.mp4	740	755
sub-control043	03_H16_combined_small.mp4	448	464
sub-control043	04_S9_combined_small.mp4	868	883
sub-control043	05_K4_combined_small.mp4	8	23
sub-control043	06_H7_combined_small.mp4	990	1006
sub-control043	07_K2_combined_small.mp4	479	492
sub-control043	08_S12_combined_small.mp4	620	640
sub-control043	09_S11_combined_small.mp4	1082	1093
sub-control043	10_S27_combined_small.mp4	899	914
sub-control043	11_K21_long_combined_small.mp4	832	853
sub-control043	12_H37_combined_small.mp4	589	603
sub-control043	13_Trick6_short_combined_small.mp4	128	146
sub-control043	14_K19_long_combined_small.mp4	802	817
sub-control043	15_S18_combined_small.mp4	307	322
sub-control043	16_H19_combined_small.mp4	563	574
sub-control043	17_Trick37_combined_small.mp4	269	291
sub-control043	18_Trick4_combined_small.mp4	192	215
sub-control043	19_H17_combined_small.mp4	339	362
sub-control043	20_Trick20_short_combined_small.mp4	535	547
sub-control043	21_S15_combined_small.mp4	161	176
sub-control043	22_K18_combined_small.mp4	655	665
sub-control043	23_K10_combined_small.mp4	421	432
sub-control043	24_Trick28_combined_small.mp4	1109	1129
sub-control043	25_S25_combined_small.mp4	380	406
sub-control043	26_S30_combined_small.mp4	73	85
sub-control043	27_S31_combined_small.mp4	930	940
sub-control043	28_K24_combined_small.mp4	773	784
sub-control043	29_H36_combined_small.mp4	955	972
sub-control043	30_H15_combined_small.mp4	710	725
sub-control043	31_K3_combined_small.mp4	683	695
sub-control043	32_K16_short_combined_small.mp4	1049	1064
sub-control043	33_S21_combined_small.mp4	510	520
sub-control043	34_Trick38_combined_small.mp4	1021	1034
sub-control043	35_Trick32_long_combined_small.mp4	230	253
sub-control043	36_Trick7_short_combined_small.mp4	103	113
sub-control045	01_H35_combined_small.mp4	39	57
sub-control045	02_H10_combined_small.mp4	597	612
sub-control045	03_H16_combined_small.mp4	725	741
sub-control045	04_S9_combined_small.mp4	445	460
sub-control045	05_K4_combined_small.mp4	759	774
sub-control045	06_H7_combined_small.mp4	107	123
sub-control045	07_K2_combined_small.mp4	1019	1032
sub-control045	08_S12_combined_small.mp4	1110	1130
sub-control045	09_S11_combined_small.mp4	215	226
sub-control045	10_S27_combined_small.mp4	897	912
sub-control045	11_K21_long_combined_small.mp4	928	949
sub-control045	12_H37_combined_small.mp4	1047	1061
sub-control045	13_Trick6_short_combined_small.mp4	692	710
sub-control045	14_K19_long_combined_small.mp4	8	23
sub-control045	15_S18_combined_small.mp4	376	391
sub-control045	16_H19_combined_small.mp4	163	174
sub-control045	17_Trick37_combined_small.mp4	407	429
sub-control045	18_Trick4_combined_small.mp4	338	361
sub-control045	19_H17_combined_small.mp4	654	677
sub-control045	20_Trick20_short_combined_small.mp4	991	1003
sub-control045	21_S15_combined_small.mp4	1079	1094
sub-control045	22_K18_combined_small.mp4	189	199
sub-control045	23_K10_combined_small.mp4	512	523
sub-control045	24_Trick28_combined_small.mp4	300	320
sub-control045	25_S25_combined_small.mp4	818	844
sub-control045	26_S30_combined_small.mp4	271	283
sub-control045	27_S31_combined_small.mp4	964	974
sub-control045	28_K24_combined_small.mp4	791	802
sub-control045	29_H36_combined_small.mp4	479	496
sub-control045	30_H15_combined_small.mp4	74	89
sub-control045	31_K3_combined_small.mp4	538	550
sub-control045	32_K16_short_combined_small.mp4	565	580
sub-control045	33_S21_combined_small.mp4	627	637
sub-control045	34_Trick38_combined_small.mp4	243	256
sub-control045	35_Trick32_long_combined_small.mp4	859	882
sub-control045	36_Trick7_short_combined_small.mp4	138	148
sub-control047	01_H35_combined_small.mp4	224	242
sub-control047	02_H10_combined_small.mp4	1027	1042
sub-control047	03_H16_combined_small.mp4	8	24
sub-control047	04_S9_combined_small.mp4	138	153
sub-control047	05_K4_combined_small.mp4	258	273
sub-control047	06_H7_combined_small.mp4	587	603
sub-control047	07_K2_combined_small.mp4	399	412
sub-control047	08_S12_combined_small.mp4	927	947
sub-control047	09_S11_combined_small.mp4	1091	1102
sub-control047	10_S27_combined_small.mp4	620	635
sub-control047	11_K21_long_combined_small.mp4	484	505
sub-control047	12_H37_combined_small.mp4	520	534
sub-control047	13_Trick6_short_combined_small.mp4	962	980
sub-control047	14_K19_long_combined_small.mp4	650	665
sub-control047	15_S18_combined_small.mp4	812	827
sub-control047	16_H19_combined_small.mp4	39	50
sub-control047	17_Trick37_combined_small.mp4	331	353
sub-control047	18_Trick4_combined_small.mp4	772	795
sub-control047	19_H17_combined_small.mp4	67	90
sub-control047	20_Trick20_short_combined_small.mp4	169	181
sub-control047	21_S15_combined_small.mp4	1057	1072
sub-control047	22_K18_combined_small.mp4	1118	1128
sub-control047	23_K10_combined_small.mp4	842	853
sub-control047	24_Trick28_combined_small.mp4	734	754
sub-control047	25_S25_combined_small.mp4	288	314
sub-control047	26_S30_combined_small.mp4	682	694
sub-control047	27_S31_combined_small.mp4	901	911
sub-control047	28_K24_combined_small.mp4	372	383
sub-control047	29_H36_combined_small.mp4	868	885
sub-control047	30_H15_combined_small.mp4	108	123
sub-control047	31_K3_combined_small.mp4	197	209
sub-control047	32_K16_short_combined_small.mp4	997	1012
sub-control047	33_S21_combined_small.mp4	709	719
sub-control047	34_Trick38_combined_small.mp4	428	441
sub-control047	35_Trick32_long_combined_small.mp4	549	572
sub-control047	36_Trick7_short_combined_small.mp4	456	466
sub-control049	01_H35_combined_small.mp4	345	363
sub-control049	02_H10_combined_small.mp4	1026	1041
sub-control049	03_H16_combined_small.mp4	1114	1130
sub-control049	04_S9_combined_small.mp4	258	273
sub-control049	05_K4_combined_small.mp4	884	899
sub-control049	06_H7_combined_small.mp4	8	24
sub-control049	07_K2_combined_small.mp4	477	490
sub-control049	08_S12_combined_small.mp4	686	706
sub-control049	09_S11_combined_small.mp4	559	570
sub-control049	10_S27_combined_small.mp4	656	671
sub-control049	11_K21_long_combined_small.mp4	588	609
sub-control049	12_H37_combined_small.mp4	228	242
sub-control049	13_Trick6_short_combined_small.mp4	953	971
sub-control049	14_K19_long_combined_small.mp4	1056	1071
sub-control049	15_S18_combined_small.mp4	118	133
sub-control049	16_H19_combined_small.mp4	316	327
sub-control049	17_Trick37_combined_small.mp4	988	1010
sub-control049	18_Trick4_combined_small.mp4	721	744
sub-control049	19_H17_combined_small.mp4	40	63
sub-control049	20_Trick20_short_combined_small.mp4	200	212
sub-control049	21_S15_combined_small.mp4	853	868
sub-control049	22_K18_combined_small.mp4	448	458
sub-control049	23_K10_combined_small.mp4	827	838
sub-control049	24_Trick28_combined_small.mp4	80	100
sub-control049	25_S25_combined_small.mp4	378	404
sub-control049	26_S30_combined_small.mp4	505	517
sub-control049	27_S31_combined_small.mp4	1089	1099
sub-control049	28_K24_combined_small.mp4	148	159
sub-control049	29_H36_combined_small.mp4	762	779
sub-control049	30_H15_combined_small.mp4	797	812
sub-control049	31_K3_combined_small.mp4	532	544
sub-control049	32_K16_short_combined_small.mp4	624	639
sub-control049	33_S21_combined_small.mp4	289	299
sub-control049	34_Trick38_combined_small.mp4	420	433
sub-control049	35_Trick32_long_combined_small.mp4	915	938
sub-control049	36_Trick7_short_combined_small.mp4	175	185
sub-experimental004	01_H35_combined_small.mp4	237	255
sub-experimental004	02_H10_combined_small.mp4	495	510
sub-experimental004	03_H16_combined_small.mp4	206	222
sub-experimental004	04_S9_combined_small.mp4	766	781
sub-experimental004	05_K4_combined_small.mp4	963	978
sub-experimental004	06_H7_combined_small.mp4	402	418
sub-experimental004	07_K2_combined_small.mp4	995	1008
sub-experimental004	08_S12_combined_small.mp4	8	28
sub-experimental004	09_S11_combined_small.mp4	1087	1098
sub-experimental004	10_S27_combined_small.mp4	799	814
sub-experimental004	11_K21_long_combined_small.mp4	643	664
sub-experimental004	12_H37_combined_small.mp4	271	285
sub-experimental004	13_Trick6_short_combined_small.mp4	434	452
sub-experimental004	14_K19_long_combined_small.mp4	708	723
sub-experimental004	15_S18_combined_small.mp4	933	948
sub-experimental004	16_H19_combined_small.mp4	525	536
sub-experimental004	17_Trick37_combined_small.mp4	364	386
sub-experimental004	18_Trick4_combined_small.mp4	75	98
sub-experimental004	19_H17_combined_small.mp4	605	628
sub-experimental004	20_Trick20_short_combined_small.mp4	333	345
sub-experimental004	21_S15_combined_small.mp4	300	315
sub-experimental004	22_K18_combined_small.mp4	142	152
sub-experimental004	23_K10_combined_small.mp4	116	127
sub-experimental004	24_Trick28_combined_small.mp4	829	849
sub-experimental004	25_S25_combined_small.mp4	891	917
sub-experimental004	26_S30_combined_small.mp4	551	563
sub-experimental004	27_S31_combined_small.mp4	738	748
sub-experimental004	28_K24_combined_small.mp4	864	875
sub-experimental004	29_H36_combined_small.mp4	1051	1068
sub-experimental004	30_H15_combined_small.mp4	43	58
sub-experimental004	31_K3_combined_small.mp4	681	693
sub-experimental004	32_K16_short_combined_small.mp4	1114	1129
sub-experimental004	33_S21_combined_small.mp4	578	588
sub-experimental004	34_Trick38_combined_small.mp4	1023	1036
sub-experimental004	35_Trick32_long_combined_small.mp4	168	191
sub-experimental004	36_Trick7_short_combined_small.mp4	467	477
sub-experimental005	01_H35_combined_small.mp4	461	479
sub-experimental005	02_H10_combined_small.mp4	331	346
sub-experimental005	03_H16_combined_small.mp4	523	539
sub-experimental005	04_S9_combined_small.mp4	242	257
sub-experimental005	05_K4_combined_small.mp4	685	700
sub-experimental005	06_H7_combined_small.mp4	181	197
sub-experimental005	07_K2_combined_small.mp4	1086	1099
sub-experimental005	08_S12_combined_small.mp4	554	574
sub-experimental005	09_S11_combined_small.mp4	1030	1041
sub-experimental005	10_S27_combined_small.mp4	1114	1129
sub-experimental005	11_K21_long_combined_small.mp4	364	385
sub-experimental005	12_H37_combined_small.mp4	968	982
sub-experimental005	13_Trick6_short_combined_small.mp4	874	892
sub-experimental005	14_K19_long_combined_small.mp4	431	446
sub-experimental005	15_S18_combined_small.mp4	715	730
sub-experimental005	16_H19_combined_small.mp4	1057	1068
sub-experimental005	17_Trick37_combined_small.mp4	75	97
sub-experimental005	18_Trick4_combined_small.mp4	35	58
sub-experimental005	19_H17_combined_small.mp4	143	166
sub-experimental005	20_Trick20_short_combined_small.mp4	301	313
sub-experimental005	21_S15_combined_small.mp4	999	1014
sub-experimental005	22_K18_combined_small.mp4	497	507
sub-experimental005	23_K10_combined_small.mp4	657	668
sub-experimental005	24_Trick28_combined_small.mp4	933	953
sub-experimental005	25_S25_combined_small.mp4	616	642
sub-experimental005	26_S30_combined_small.mp4	8	20
sub-experimental005	27_S31_combined_small.mp4	589	599
sub-experimental005	28_K24_combined_small.mp4	116	127
sub-experimental005	29_H36_combined_small.mp4	841	858
sub-experimental005	30_H15_combined_small.mp4	212	227
sub-experimental005	31_K3_combined_small.mp4	274	286
sub-experimental005	32_K16_short_combined_small.mp4	400	415
sub-experimental005	33_S21_combined_small.mp4	907	917
sub-experimental005	34_Trick38_combined_small.mp4	813	826
sub-experimental005	35_Trick32_long_combined_small.mp4	745	768
sub-experimental005	36_Trick7_short_combined_small.mp4	786	796
sub-experimental006	01_H35_combined_small.mp4	126	144
sub-experimental006	02_H10_combined_small.mp4	871	886
sub-experimental006	03_H16_combined_small.mp4	414	430
sub-experimental006	04_S9_combined_small.mp4	1083	1098
sub-experimental006	05_K4_combined_small.mp4	33	48
sub-experimental006	06_H7_combined_small.mp4	773	789
sub-experimental006	07_K2_combined_small.mp4	159	172
sub-experimental006	08_S12_combined_small.mp4	697	717
sub-experimental006	09_S11_combined_small.mp4	558	569
sub-experimental006	10_S27_combined_small.mp4	901	916
sub-experimental006	11_K21_long_combined_small.mp4	351	372
sub-experimental006	12_H37_combined_small.mp4	668	682
sub-experimental006	13_Trick6_short_combined_small.mp4	93	111
sub-experimental006	14_K19_long_combined_small.mp4	1114	1129
sub-experimental006	15_S18_combined_small.mp4	995	1010
sub-experimental006	16_H19_combined_small.mp4	387	398
sub-experimental006	17_Trick37_combined_small.mp4	732	754
sub-experimental006	18_Trick4_combined_small.mp4	187	210
sub-experimental006	19_H17_combined_small.mp4	628	651
sub-experimental006	20_Trick20_short_combined_small.mp4	1052	1064
sub-experimental006	21_S15_combined_small.mp4	282	297
sub-experimental006	22_K18_combined_small.mp4	256	266
sub-experimental006	23_K10_combined_small.mp4	967	978
sub-experimental006	24_Trick28_combined_small.mp4	932	952
sub-experimental006	25_S25_combined_small.mp4	587	613
sub-experimental006	26_S30_combined_small.mp4	501	513
sub-experimental006	27_S31_combined_small.mp4	476	486
sub-experimental006	28_K24_combined_small.mp4	1025	1036
sub-experimental006	29_H36_combined_small.mp4	315	332
sub-experimental006	30_H15_combined_small.mp4	225	240
sub-experimental006	31_K3_combined_small.mp4	844	856
sub-experimental006	32_K16_short_combined_small.mp4	528	543
sub-experimental006	33_S21_combined_small.mp4	65	75
sub-experimental006	34_Trick38_combined_small.mp4	445	458
sub-experimental006	35_Trick32_long_combined_small.mp4	806	829
sub-experimental006	36_Trick7_short_combined_small.mp4	8	18
sub-experimental008	01_H35_combined_small.mp4	746	764
sub-experimental008	02_H10_combined_small.mp4	387	402
sub-experimental008	03_H16_combined_small.mp4	327	343
sub-experimental008	04_S9_combined_small.mp4	211	226
sub-experimental008	05_K4_combined_small.mp4	657	672
sub-experimental008	06_H7_combined_small.mp4	129	145
sub-experimental008	07_K2_combined_small.mp4	358	371
sub-experimental008	08_S12_combined_small.mp4	915	935
sub-experimental008	09_S11_combined_small.mp4	849	860
sub-experimental008	10_S27_combined_small.mp4	70	85
sub-experimental008	11_K21_long_combined_small.mp4	581	602
sub-experimental008	12_H37_combined_small.mp4	417	431
sub-experimental008	13_Trick6_short_combined_small.mp4	35	53
sub-experimental008	14_K19_long_combined_small.mp4	950	965
sub-experimental008	15_S18_combined_small.mp4	982	997
sub-experimental008	16_H19_combined_small.mp4	160	171
sub-experimental008	17_Trick37_combined_small.mp4	811	833
sub-experimental008	18_Trick4_combined_small.mp4	617	640
sub-experimental008	19_H17_combined_small.mp4	511	534
sub-experimental008	20_Trick20_short_combined_small.mp4	269	281
sub-experimental008	21_S15_combined_small.mp4	687	702
sub-experimental008	22_K18_combined_small.mp4	103	113
sub-experimental008	23_K10_combined_small.mp4	243	254
sub-experimental008	24_Trick28_combined_small.mp4	449	469
sub-experimental008	25_S25_combined_small.mp4	1012	1038
sub-experimental008	26_S30_combined_small.mp4	1117	1129
sub-experimental008	27_S31_combined_small.mp4	299	309
sub-experimental008	28_K24_combined_small.mp4	8	19
sub-experimental008	29_H36_combined_small.mp4	1053	1070
sub-experimental008	30_H15_combined_small.mp4	781	796
sub-experimental008	31_K3_combined_small.mp4	484	496
sub-experimental008	32_K16_short_combined_small.mp4	549	564
sub-experimental008	33_S21_combined_small.mp4	186	196
sub-experimental008	34_Trick38_combined_small.mp4	1089	1102
sub-experimental008	35_Trick32_long_combined_small.mp4	876	899
sub-experimental008	36_Trick7_short_combined_small.mp4	718	728
sub-experimental010	01_H35_combined_small.mp4	509	527
sub-experimental010	02_H10_combined_small.mp4	8	23
sub-experimental010	03_H16_combined_small.mp4	891	907
sub-experimental010	04_S9_combined_small.mp4	824	839
sub-experimental010	05_K4_combined_small.mp4	139	154
sub-experimental010	06_H7_combined_small.mp4	1020	1036
sub-experimental010	07_K2_combined_small.mp4	542	555
sub-experimental010	08_S12_combined_small.mp4	631	651
sub-experimental010	09_S11_combined_small.mp4	199	210
sub-experimental010	10_S27_combined_small.mp4	479	494
sub-experimental010	11_K21_long_combined_small.mp4	855	876
sub-experimental010	12_H37_combined_small.mp4	961	975
sub-experimental010	13_Trick6_short_combined_small.mp4	693	711
sub-experimental010	14_K19_long_combined_small.mp4	169	184
sub-experimental010	15_S18_combined_small.mp4	794	809
sub-experimental010	16_H19_combined_small.mp4	371	382
sub-experimental010	17_Trick37_combined_small.mp4	726	748
sub-experimental010	18_Trick4_combined_small.mp4	101	124
sub-experimental010	19_H17_combined_small.mp4	298	321
sub-experimental010	20_Trick20_short_combined_small.mp4	992	1004
sub-experimental010	21_S15_combined_small.mp4	67	82
sub-experimental010	22_K18_combined_small.mp4	605	615
sub-experimental010	23_K10_combined_small.mp4	423	434
sub-experimental010	24_Trick28_combined_small.mp4	1051	1071
sub-experimental010	25_S25_combined_small.mp4	226	252
sub-experimental010	26_S30_combined_small.mp4	1117	1129
sub-experimental010	27_S31_combined_small.mp4	767	777
sub-experimental010	28_K24_combined_small.mp4	449	460
sub-experimental010	29_H36_combined_small.mp4	570	587
sub-experimental010	30_H15_combined_small.mp4	268	283
sub-experimental010	31_K3_combined_small.mp4	38	50
sub-experimental010	32_K16_short_combined_small.mp4	338	353
sub-experimental010	33_S21_combined_small.mp4	668	678
sub-experimental010	34_Trick38_combined_small.mp4	1089	1102
sub-experimental010	35_Trick32_long_combined_small.mp4	923	946
sub-experimental010	36_Trick7_short_combined_small.mp4	397	407
sub-experimental012	01_H35_combined_small.mp4	526	544
sub-experimental012	02_H10_combined_small.mp4	789	804
sub-experimental012	03_H16_combined_small.mp4	495	511
sub-experimental012	04_S9_combined_small.mp4	661	676
sub-experimental012	05_K4_combined_small.mp4	371	386
sub-experimental012	06_H7_combined_small.mp4	1114	1130
sub-experimental012	07_K2_combined_small.mp4	914	927
sub-experimental012	08_S12_combined_small.mp4	1079	1099
sub-experimental012	09_S11_combined_small.mp4	440	451
sub-experimental012	10_S27_combined_small.mp4	191	206
sub-experimental012	11_K21_long_combined_small.mp4	100	121
sub-experimental012	12_H37_combined_small.mp4	942	956
sub-experimental012	13_Trick6_short_combined_small.mp4	720	738
sub-experimental012	14_K19_long_combined_small.mp4	35	50
sub-experimental012	15_S18_combined_small.mp4	67	82
sub-experimental012	16_H19_combined_small.mp4	345	356
sub-experimental012	17_Trick37_combined_small.mp4	221	243
sub-experimental012	18_Trick4_combined_small.mp4	973	996
sub-experimental012	19_H17_combined_small.mp4	402	425
sub-experimental012	20_Trick20_short_combined_small.mp4	885	897
sub-experimental012	21_S15_combined_small.mp4	756	771
sub-experimental012	22_K18_combined_small.mp4	287	297
sub-experimental012	23_K10_combined_small.mp4	8	19
sub-experimental012	24_Trick28_combined_small.mp4	591	611
sub-experimental012	25_S25_combined_small.mp4	819	845
sub-experimental012	26_S30_combined_small.mp4	1049	1061
sub-experimental012	27_S31_combined_small.mp4	470	480
sub-experimental012	28_K24_combined_small.mp4	260	271
sub-experimental012	29_H36_combined_small.mp4	626	643
sub-experimental012	30_H15_combined_small.mp4	559	574
sub-experimental012	31_K3_combined_small.mp4	315	327
sub-experimental012	32_K16_short_combined_small.mp4	161	176
sub-experimental012	33_S21_combined_small.mp4	860	870
sub-experimental012	34_Trick38_combined_small.mp4	692	705
sub-experimental012	35_Trick32_long_combined_small.mp4	1011	1034
sub-experimental012	36_Trick7_short_combined_small.mp4	136	146
sub-experimental014	01_H35_combined_small.mp4	74	92
sub-experimental014	02_H10_combined_small.mp4	198	213
sub-experimental014	03_H16_combined_small.mp4	321	337
sub-experimental014	04_S9_combined_small.mp4	505	520
sub-experimental014	05_K4_combined_small.mp4	686	701
sub-experimental014	06_H7_combined_small.mp4	1114	1130
sub-experimental014	07_K2_combined_small.mp4	170	183
sub-experimental014	08_S12_combined_small.mp4	897	917
sub-experimental014	09_S11_combined_small.mp4	784	795
sub-experimental014	10_S27_combined_small.mp4	813	828
sub-experimental014	11_K21_long_combined_small.mp4	8	29
sub-experimental014	12_H37_combined_small.mp4	435	449
sub-experimental014	13_Trick6_short_combined_small.mp4	1050	1068
sub-experimental014	14_K19_long_combined_small.mp4	958	973
sub-experimental014	15_S18_combined_small.mp4	259	274
sub-experimental014	16_H19_combined_small.mp4	600	611
sub-experimental014	17_Trick37_combined_small.mp4	716	738
sub-experimental014	18_Trick4_combined_small.mp4	536	559
sub-experimental014	19_H17_combined_small.mp4	464	487
sub-experimental014	20_Trick20_short_combined_small.mp4	1086	1098
sub-experimental014	21_S15_combined_small.mp4	628	643
sub-experimental014	22_K18_combined_small.mp4	871	881
sub-experimental014	23_K10_combined_small.mp4	574	585
sub-experimental014	24_Trick28_combined_small.mp4	135	155
sub-experimental014	25_S25_combined_small.mp4	393	419
sub-experimental014	26_S30_combined_small.mp4	990	1002
sub-experimental014	27_S31_combined_small.mp4	933	943
sub-experimental014	28_K24_combined_small.mp4	45	56
sub-experimental014	29_H36_combined_small.mp4	1017	1034
sub-experimental014	30_H15_combined_small.mp4	289	304
sub-experimental014	31_K3_combined_small.mp4	754	766
sub-experimental014	32_K16_short_combined_small.mp4	228	243
sub-experimental014	33_S21_combined_small.mp4	659	669
sub-experimental014	34_Trick38_combined_small.mp4	843	856
sub-experimental014	35_Trick32_long_combined_small.mp4	355	378
sub-experimental014	36_Trick7_short_combined_small.mp4	110	120
sub-experimental016	01_H35_combined_small.mp4	218	236
sub-experimental016	02_H10_combined_small.mp4	913	928
sub-experimental016	03_H16_combined_small.mp4	307	323
sub-experimental016	04_S9_combined_small.mp4	624	639
sub-experimental016	05_K4_combined_small.mp4	787	802
sub-experimental016	06_H7_combined_small.mp4	79	95
sub-experimental016	07_K2_combined_small.mp4	512	525
sub-experimental016	08_S12_combined_small.mp4	444	464
sub-experimental016	09_S11_combined_small.mp4	166	177
sub-experimental016	10_S27_combined_small.mp4	341	356
sub-experimental016	11_K21_long_combined_small.mp4	876	897
sub-experimental016	12_H37_combined_small.mp4	847	861
sub-experimental016	13_Trick6_short_combined_small.mp4	1074	1092
sub-experimental016	14_K19_long_combined_small.mp4	540	555
sub-experimental016	15_S18_combined_small.mp4	482	497
sub-experimental016	16_H19_combined_small.mp4	252	263
sub-experimental016	17_Trick37_combined_small.mp4	1033	1055
sub-experimental016	18_Trick4_combined_small.mp4	657	680
sub-experimental016	19_H17_combined_small.mp4	39	62
sub-experimental016	20_Trick20_short_combined_small.mp4	113	125
sub-experimental016	21_S15_combined_small.mp4	371	386
sub-experimental016	22_K18_combined_small.mp4	730	740
sub-experimental016	23_K10_combined_small.mp4	759	770
sub-experimental016	24_Trick28_combined_small.mp4	695	715
sub-experimental016	25_S25_combined_small.mp4	403	429
sub-experimental016	26_S30_combined_small.mp4	278	290
sub-experimental016	27_S31_combined_small.mp4	141	151
sub-experimental016	28_K24_combined_small.mp4	1006	1017
sub-experimental016	29_H36_combined_small.mp4	973	990
sub-experimental016	30_H15_combined_small.mp4	8	23
sub-experimental016	31_K3_combined_small.mp4	570	582
sub-experimental016	32_K16_short_combined_small.mp4	817	832
sub-experimental016	33_S21_combined_small.mp4	193	203
sub-experimental016	34_Trick38_combined_small.mp4	943	956
sub-experimental016	35_Trick32_long_combined_small.mp4	1107	1130
sub-experimental016	36_Trick7_short_combined_small.mp4	599	609
sub-experimental018	01_H35_combined_small.mp4	763	781
sub-experimental018	02_H10_combined_small.mp4	223	238
sub-experimental018	03_H16_combined_small.mp4	166	182
sub-experimental018	04_S9_combined_small.mp4	984	999
sub-experimental018	05_K4_combined_small.mp4	497	512
sub-experimental018	06_H7_combined_small.mp4	591	607
sub-experimental018	07_K2_combined_small.mp4	834	847
sub-experimental018	08_S12_combined_small.mp4	527	547
sub-experimental018	09_S11_combined_small.mp4	470	481
sub-experimental018	10_S27_combined_small.mp4	689	704
sub-experimental018	11_K21_long_combined_small.mp4	798	819
sub-experimental018	12_H37_combined_small.mp4	79	93
sub-experimental018	13_Trick6_short_combined_small.mp4	349	367
sub-experimental018	14_K19_long_combined_small.mp4	136	151
sub-experimental018	15_S18_combined_small.mp4	8	23
sub-experimental018	16_H19_combined_small.mp4	1015	1026
sub-experimental018	17_Trick37_combined_small.mp4	651	673
sub-experimental018	18_Trick4_combined_small.mp4	1107	1130
sub-experimental018	19_H17_combined_small.mp4	1069	1092
sub-experimental018	20_Trick20_short_combined_small.mp4	409	421
sub-experimental018	21_S15_combined_small.mp4	887	902
sub-experimental018	22_K18_combined_small.mp4	197	207
sub-experimental018	23_K10_combined_small.mp4	382	393
sub-experimental018	24_Trick28_combined_small.mp4	919	939
sub-experimental018	25_S25_combined_small.mp4	719	745
sub-experimental018	26_S30_combined_small.mp4	562	574
sub-experimental018	27_S31_combined_small.mp4	862	872
sub-experimental018	28_K24_combined_small.mp4	622	633
sub-experimental018	29_H36_combined_small.mp4	254	271
sub-experimental018	30_H15_combined_small.mp4	287	302
sub-experimental018	31_K3_combined_small.mp4	319	331
sub-experimental018	32_K16_short_combined_small.mp4	437	452
sub-experimental018	33_S21_combined_small.mp4	111	121
sub-experimental018	34_Trick38_combined_small.mp4	954	967
sub-experimental018	35_Trick32_long_combined_small.mp4	39	62
sub-experimental018	36_Trick7_short_combined_small.mp4	1041	1051
sub-experimental020	01_H35_combined_small.mp4	575	593
sub-experimental020	02_H10_combined_small.mp4	872	887
sub-experimental020	03_H16_combined_small.mp4	456	472
sub-experimental020	04_S9_combined_small.mp4	225	240
sub-experimental020	05_K4_combined_small.mp4	400	415
sub-experimental020	06_H7_combined_small.mp4	1028	1044
sub-experimental020	07_K2_combined_small.mp4	963	976
sub-experimental020	08_S12_combined_small.mp4	993	1013
sub-experimental020	09_S11_combined_small.mp4	548	559
sub-experimental020	10_S27_combined_small.mp4	75	90
sub-experimental020	11_K21_long_combined_small.mp4	364	385
sub-experimental020	12_H37_combined_small.mp4	158	172
sub-experimental020	13_Trick6_short_combined_small.mp4	930	948
sub-experimental020	14_K19_long_combined_small.mp4	610	625
sub-experimental020	15_S18_combined_small.mp4	43	58
sub-experimental020	16_H19_combined_small.mp4	846	857
sub-experimental020	17_Trick37_combined_small.mp4	187	209
sub-experimental020	18_Trick4_combined_small.mp4	706	729
sub-experimental020	19_H17_combined_small.mp4	290	313
sub-experimental020	20_Trick20_short_combined_small.mp4	1116	1128
sub-experimental020	21_S15_combined_small.mp4	330	345
sub-experimental020	22_K18_combined_small.mp4	680	690
sub-experimental020	23_K10_combined_small.mp4	744	755
sub-experimental020	24_Trick28_combined_small.mp4	8	28
sub-experimental020	25_S25_combined_small.mp4	773	799
sub-experimental020	26_S30_combined_small.mp4	1089	1101
sub-experimental020	27_S31_combined_small.mp4	108	118
sub-experimental020	28_K24_combined_small.mp4	1059	1070
sub-experimental020	29_H36_combined_small.mp4	257	274
sub-experimental020	30_H15_combined_small.mp4	518	533
sub-experimental020	31_K3_combined_small.mp4	902	914
sub-experimental020	32_K16_short_combined_small.mp4	816	831
sub-experimental020	33_S21_combined_small.mp4	133	143
sub-experimental020	34_Trick38_combined_small.mp4	490	503
sub-experimental020	35_Trick32_long_combined_small.mp4	640	663
sub-experimental020	36_Trick7_short_combined_small.mp4	431	441
sub-experimental022	01_H35_combined_small.mp4	46	64
sub-experimental022	02_H10_combined_small.mp4	1012	1027
sub-experimental022	03_H16_combined_small.mp4	1113	1129
sub-experimental022	04_S9_combined_small.mp4	699	714
sub-experimental022	05_K4_combined_small.mp4	816	831
sub-experimental022	06_H7_combined_small.mp4	488	504
sub-experimental022	07_K2_combined_small.mp4	908	921
sub-experimental022	08_S12_combined_small.mp4	232	252
sub-experimental022	09_S11_combined_small.mp4	140	151
sub-experimental022	10_S27_combined_small.mp4	669	684
sub-experimental022	11_K21_long_combined_small.mp4	846	867
sub-experimental022	12_H37_combined_small.mp4	585	599
sub-experimental022	13_Trick6_short_combined_small.mp4	295	313
sub-experimental022	14_K19_long_combined_small.mp4	330	345
sub-experimental022	15_S18_combined_small.mp4	110	125
sub-experimental022	16_H19_combined_small.mp4	616	627
sub-experimental022	17_Trick37_combined_small.mp4	547	569
sub-experimental022	18_Trick4_combined_small.mp4	1042	1065
sub-experimental022	19_H17_combined_small.mp4	8	31
sub-experimental022	20_Trick20_short_combined_small.mp4	519	531
sub-experimental022	21_S15_combined_small.mp4	454	469
sub-experimental022	22_K18_combined_small.mp4	730	740
sub-experimental022	23_K10_combined_small.mp4	81	92
sub-experimental022	24_Trick28_combined_small.mp4	363	383
sub-experimental022	25_S25_combined_small.mp4	971	997
sub-experimental022	26_S30_combined_small.mp4	205	217
sub-experimental022	27_S31_combined_small.mp4	791	801
sub-experimental022	28_K24_combined_small.mp4	268	279
sub-experimental022	29_H36_combined_small.mp4	936	953
sub-experimental022	30_H15_combined_small.mp4	759	774
sub-experimental022	31_K3_combined_small.mp4	427	439
sub-experimental022	32_K16_short_combined_small.mp4	1083	1098
sub-experimental022	33_S21_combined_small.mp4	642	652
sub-experimental022	34_Trick38_combined_small.mp4	398	411
sub-experimental022	35_Trick32_long_combined_small.mp4	167	190
sub-experimental022	36_Trick7_short_combined_small.mp4	882	892
sub-experimental024	01_H35_combined_small.mp4	386	404
sub-experimental024	02_H10_combined_small.mp4	909	924
sub-experimental024	03_H16_combined_small.mp4	745	761
sub-experimental024	04_S9_combined_small.mp4	203	218
sub-experimental024	05_K4_combined_small.mp4	143	158
sub-experimental024	06_H7_combined_small.mp4	552	568
sub-experimental024	07_K2_combined_small.mp4	524	537
sub-experimental024	08_S12_combined_small.mp4	672	692
sub-experimental024	09_S11_combined_small.mp4	328	339
sub-experimental024	10_S27_combined_small.mp4	940	955
sub-experimental024	11_K21_long_combined_small.mp4	107	128
sub-experimental024	12_H37_combined_small.mp4	842	856
sub-experimental024	13_Trick6_short_combined_small.mp4	1111	1129
sub-experimental024	14_K19_long_combined_small.mp4	46	61
sub-experimental024	15_S18_combined_small.mp4	1024	1039
sub-experimental024	16_H19_combined_small.mp4	273	284
sub-experimental024	17_Trick37_combined_small.mp4	707	729
sub-experimental024	18_Trick4_combined_small.mp4	871	894
sub-experimental024	19_H17_combined_small.mp4	234	257
sub-experimental024	20_Trick20_short_combined_small.mp4	358	370
sub-experimental024	21_S15_combined_small.mp4	811	826
sub-experimental024	22_K18_combined_small.mp4	78	88
sub-experimental024	23_K10_combined_small.mp4	1054	1065
sub-experimental024	24_Trick28_combined_small.mp4	610	630
sub-experimental024	25_S25_combined_small.mp4	483	509
sub-experimental024	26_S30_combined_small.mp4	453	465
sub-experimental024	27_S31_combined_small.mp4	999	1009
sub-experimental024	28_K24_combined_small.mp4	299	310
sub-experimental024	29_H36_combined_small.mp4	420	437
sub-experimental024	30_H15_combined_small.mp4	779	794
sub-experimental024	31_K3_combined_small.mp4	970	982
sub-experimental024	32_K16_short_combined_small.mp4	173	188
sub-experimental024	33_S21_combined_small.mp4	645	655
sub-experimental024	34_Trick38_combined_small.mp4	1083	1096
sub-experimental024	35_Trick32_long_combined_small.mp4	8	31
sub-experimental024	36_Trick7_short_combined_small.mp4	583	593
sub-experimental026	01_H35_combined_small.mp4	107	125
sub-experimental026	02_H10_combined_small.mp4	8	23
sub-experimental026	03_H16_combined_small.mp4	73	89
sub-experimental026	04_S9_combined_small.mp4	702	717
sub-experimental026	05_K4_combined_small.mp4	910	925
sub-experimental026	06_H7_combined_small.mp4	482	498
sub-experimental026	07_K2_combined_small.mp4	1116	1129
sub-experimental026	08_S12_combined_small.mp4	1040	1060
sub-experimental026	09_S11_combined_small.mp4	549	560
sub-experimental026	10_S27_combined_small.mp4	795	810
sub-experimental026	11_K21_long_combined_small.mp4	513	534
sub-experimental026	12_H37_combined_small.mp4	733	747
sub-experimental026	13_Trick6_short_combined_small.mp4	1007	1025
sub-experimental026	14_K19_long_combined_small.mp4	302	317
sub-experimental026	15_S18_combined_small.mp4	372	387
sub-experimental026	16_H19_combined_small.mp4	453	464
sub-experimental026	17_Trick37_combined_small.mp4	140	162
sub-experimental026	18_Trick4_combined_small.mp4	969	992
sub-experimental026	19_H17_combined_small.mp4	1078	1101
sub-experimental026	20_Trick20_short_combined_small.mp4	765	777
sub-experimental026	21_S15_combined_small.mp4	631	646
sub-experimental026	22_K18_combined_small.mp4	576	586
sub-experimental026	23_K10_combined_small.mp4	825	836
sub-experimental026	24_Trick28_combined_small.mp4	334	354
sub-experimental026	25_S25_combined_small.mp4	178	204
sub-experimental026	26_S30_combined_small.mp4	604	616
sub-experimental026	27_S31_combined_small.mp4	428	438
sub-experimental026	28_K24_combined_small.mp4	249	260
sub-experimental026	29_H36_combined_small.mp4	38	55
sub-experimental026	30_H15_combined_small.mp4	219	234
sub-experimental026	31_K3_combined_small.mp4	940	952
sub-experimental026	32_K16_short_combined_small.mp4	851	866
sub-experimental026	33_S21_combined_small.mp4	277	287
sub-experimental026	34_Trick38_combined_small.mp4	881	894
sub-experimental026	35_Trick32_long_combined_small.mp4	664	687
sub-experimental026	36_Trick7_short_combined_small.mp4	402	412
sub-experimental028	01_H35_combined_small.mp4	307	325
sub-experimental028	02_H10_combined_small.mp4	466	481
sub-experimental028	03_H16_combined_small.mp4	919	935
sub-experimental028	04_S9_combined_small.mp4	402	417
sub-experimental028	05_K4_combined_small.mp4	847	862
sub-experimental028	06_H7_combined_small.mp4	1113	1129
sub-experimental028	07_K2_combined_small.mp4	1018	1031
sub-experimental028	08_S12_combined_small.mp4	651	671
sub-experimental028	09_S11_combined_small.mp4	62	73
sub-experimental028	10_S27_combined_small.mp4	248	263
sub-experimental028	11_K21_long_combined_small.mp4	92	113
sub-experimental028	12_H37_combined_small.mp4	788	802
sub-experimental028	13_Trick6_short_combined_small.mp4	724	742
sub-experimental028	14_K19_long_combined_small.mp4	343	358
sub-experimental028	15_S18_combined_small.mp4	433	448
sub-experimental028	16_H19_combined_small.mp4	153	164
sub-experimental028	17_Trick37_combined_small.mp4	1046	1068
sub-experimental028	18_Trick4_combined_small.mp4	584	607
sub-experimental028	19_H17_combined_small.mp4	686	709
sub-experimental028	20_Trick20_short_combined_small.mp4	554	566
sub-experimental028	21_S15_combined_small.mp4	950	965
sub-experimental028	22_K18_combined_small.mp4	1087	1097
sub-experimental028	23_K10_combined_small.mp4	760	771
sub-experimental028	24_Trick28_combined_small.mp4	983	1003
sub-experimental028	25_S25_combined_small.mp4	877	903
sub-experimental028	26_S30_combined_small.mp4	33	45
sub-experimental028	27_S31_combined_small.mp4	529	539
sub-experimental028	28_K24_combined_small.mp4	278	289
sub-experimental028	29_H36_combined_small.mp4	496	513
sub-experimental028	30_H15_combined_small.mp4	179	194
sub-experimental028	31_K3_combined_small.mp4	622	634
sub-experimental028	32_K16_short_combined_small.mp4	817	832
sub-experimental028	33_S21_combined_small.mp4	128	138
sub-experimental028	34_Trick38_combined_small.mp4	373	386
sub-experimental028	35_Trick32_long_combined_small.mp4	209	232
sub-experimental028	36_Trick7_short_combined_small.mp4	8	18
sub-experimental030	01_H35_combined_small.mp4	1112	1130
sub-experimental030	02_H10_combined_small.mp4	163	178
sub-experimental030	03_H16_combined_small.mp4	370	386
sub-experimental030	04_S9_combined_small.mp4	1010	1025
sub-experimental030	05_K4_combined_small.mp4	218	233
sub-experimental030	06_H7_combined_small.mp4	429	445
sub-experimental030	07_K2_combined_small.mp4	633	646
sub-experimental030	08_S12_combined_small.mp4	975	995
sub-experimental030	09_S11_combined_small.mp4	689	700
sub-experimental030	10_S27_combined_small.mp4	105	120
sub-experimental030	11_K21_long_combined_small.mp4	882	903
sub-experimental030	12_H37_combined_small.mp4	604	618
sub-experimental030	13_Trick6_short_combined_small.mp4	8	26
sub-experimental030	14_K19_long_combined_small.mp4	757	772
sub-experimental030	15_S18_combined_small.mp4	1041	1056
sub-experimental030	16_H19_combined_small.mp4	287	298
sub-experimental030	17_Trick37_combined_small.mp4	249	271
sub-experimental030	18_Trick4_combined_small.mp4	564	587
sub-experimental030	19_H17_combined_small.mp4	1074	1097
sub-experimental030	20_Trick20_short_combined_small.mp4	135	147
sub-experimental030	21_S15_combined_small.mp4	851	866
sub-experimental030	22_K18_combined_small.mp4	947	957
sub-experimental030	23_K10_combined_small.mp4	663	674
sub-experimental030	24_Trick28_combined_small.mp4	816	836
sub-experimental030	25_S25_combined_small.mp4	493	519
sub-experimental030	26_S30_combined_small.mp4	402	414
sub-experimental030	27_S31_combined_small.mp4	77	87
sub-experimental030	28_K24_combined_small.mp4	789	800
sub-experimental030	29_H36_combined_small.mp4	42	59
sub-experimental030	30_H15_combined_small.mp4	463	478
sub-experimental030	31_K3_combined_small.mp4	315	327
sub-experimental030	32_K16_short_combined_small.mp4	534	549
sub-experimental030	33_S21_combined_small.mp4	345	355
sub-experimental030	34_Trick38_combined_small.mp4	919	932
sub-experimental030	35_Trick32_long_combined_small.mp4	716	739
sub-experimental030	36_Trick7_short_combined_small.mp4	193	203
sub-experimental032	01_H35_combined_small.mp4	588	606
sub-experimental032	02_H10_combined_small.mp4	684	699
sub-experimental032	03_H16_combined_small.mp4	653	669
sub-experimental032	04_S9_combined_small.mp4	187	202
sub-experimental032	05_K4_combined_small.mp4	306	321
sub-experimental032	06_H7_combined_small.mp4	1055	1071
sub-experimental032	07_K2_combined_small.mp4	455	468
sub-experimental032	08_S12_combined_small.mp4	8	28
sub-experimental032	09_S11_combined_small.mp4	425	436
sub-experimental032	10_S27_combined_small.mp4	76	91
sub-experimental032	11_K21_long_combined_small.mp4	850	871
sub-experimental032	12_H37_combined_small.mp4	745	759
sub-experimental032	13_Trick6_short_combined_small.mp4	817	835
sub-experimental032	14_K19_long_combined_small.mp4	246	261
sub-experimental032	15_S18_combined_small.mp4	1025	1040
sub-experimental032	16_H19_combined_small.mp4	339	350
sub-experimental032	17_Trick37_combined_small.mp4	483	505
sub-experimental032	18_Trick4_combined_small.mp4	947	970
sub-experimental032	19_H17_combined_small.mp4	987	1010
sub-experimental032	20_Trick20_short_combined_small.mp4	276	288
sub-experimental032	21_S15_combined_small.mp4	1089	1104
sub-experimental032	22_K18_combined_small.mp4	399	409
sub-experimental032	23_K10_combined_small.mp4	109	120
sub-experimental032	24_Trick28_combined_small.mp4	912	932
sub-experimental032	25_S25_combined_small.mp4	776	802
sub-experimental032	26_S30_combined_small.mp4	218	230
sub-experimental032	27_S31_combined_small.mp4	1120	1130
sub-experimental032	28_K24_combined_small.mp4	521	532
sub-experimental032	29_H36_combined_small.mp4	365	382
sub-experimental032	30_H15_combined_small.mp4	621	636
sub-experimental032	31_K3_combined_small.mp4	135	147
sub-experimental032	32_K16_short_combined_small.mp4	44	59
sub-experimental032	33_S21_combined_small.mp4	162	172
sub-experimental032	34_Trick38_combined_small.mp4	714	727
sub-experimental032	35_Trick32_long_combined_small.mp4	548	571
sub-experimental032	36_Trick7_short_combined_small.mp4	886	896
sub-experimental034	01_H35_combined_small.mp4	651	669
sub-experimental034	02_H10_combined_small.mp4	714	729
sub-experimental034	03_H16_combined_small.mp4	1044	1060
sub-experimental034	04_S9_combined_small.mp4	398	413
sub-experimental034	05_K4_combined_small.mp4	591	606
sub-experimental034	06_H7_combined_small.mp4	430	446
sub-experimental034	07_K2_combined_small.mp4	265	278
sub-experimental034	08_S12_combined_small.mp4	363	383
sub-experimental034	09_S11_combined_small.mp4	84	95
sub-experimental034	10_S27_combined_small.mp4	920	935
sub-experimental034	11_K21_long_combined_small.mp4	1108	1129
sub-experimental034	12_H37_combined_small.mp4	813	827
sub-experimental034	13_Trick6_short_combined_small.mp4	8	26
sub-experimental034	14_K19_long_combined_small.mp4	196	211
sub-experimental034	15_S18_combined_small.mp4	1078	1093
sub-experimental034	16_H19_combined_small.mp4	532	543
sub-experimental034	17_Trick37_combined_small.mp4	293	315
sub-experimental034	18_Trick4_combined_small.mp4	773	796
sub-experimental034	19_H17_combined_small.mp4	494	517
sub-experimental034	20_Trick20_short_combined_small.mp4	686	698
sub-experimental034	21_S15_combined_small.mp4	114	129
sub-experimental034	22_K18_combined_small.mp4	145	155
sub-experimental034	23_K10_combined_small.mp4	744	755
sub-experimental034	24_Trick28_combined_small.mp4	1009	1029
sub-experimental034	25_S25_combined_small.mp4	41	67
sub-experimental034	26_S30_combined_small.mp4	982	994
sub-experimental034	27_S31_combined_small.mp4	171	181
sub-experimental034	28_K24_combined_small.mp4	867	878
sub-experimental034	29_H36_combined_small.mp4	558	575
sub-experimental034	30_H15_combined_small.mp4	950	965
sub-experimental034	31_K3_combined_small.mp4	333	345
sub-experimental034	32_K16_short_combined_small.mp4	461	476
sub-experimental034	33_S21_combined_small.mp4	894	904
sub-experimental034	34_Trick38_combined_small.mp4	623	636
sub-experimental034	35_Trick32_long_combined_small.mp4	226	249
sub-experimental034	36_Trick7_short_combined_small.mp4	842	852
sub-experimental036	01_H35_combined_small.mp4	490	508
sub-experimental036	02_H10_combined_small.mp4	1026	1041
sub-experimental036	03_H16_combined_small.mp4	203	219
sub-experimental036	04_S9_combined_small.mp4	268	283
sub-experimental036	05_K4_combined_small.mp4	831	846
sub-experimental036	06_H7_combined_small.mp4	456	472
sub-experimental036	07_K2_combined_small.mp4	1116	1129
sub-experimental036	08_S12_combined_small.mp4	141	161
sub-experimental036	09_S11_combined_small.mp4	73	84
sub-experimental036	10_S27_combined_small.mp4	1086	1101
sub-experimental036	11_K21_long_combined_small.mp4	393	414
sub-experimental036	12_H37_combined_small.mp4	965	979
sub-experimental036	13_Trick6_short_combined_small.mp4	655	673
sub-experimental036	14_K19_long_combined_small.mp4	717	732
sub-experimental036	15_S18_combined_small.mp4	996	1011
sub-experimental036	16_H19_combined_small.mp4	430	441
sub-experimental036	17_Trick37_combined_small.mp4	103	125
sub-experimental036	18_Trick4_combined_small.mp4	299	322
sub-experimental036	19_H17_combined_small.mp4	927	950
sub-experimental036	20_Trick20_short_combined_small.mp4	775	787
sub-experimental036	21_S15_combined_small.mp4	624	639
sub-experimental036	22_K18_combined_small.mp4	805	815
sub-experimental036	23_K10_combined_small.mp4	339	350
sub-experimental036	24_Trick28_combined_small.mp4	861	881
sub-experimental036	25_S25_combined_small.mp4	551	577
sub-experimental036	26_S30_combined_small.mp4	176	188
sub-experimental036	27_S31_combined_small.mp4	747	757
sub-experimental036	28_K24_combined_small.mp4	690	701
sub-experimental036	29_H36_combined_small.mp4	234	251
sub-experimental036	30_H15_combined_small.mp4	592	607
sub-experimental036	31_K3_combined_small.mp4	1056	1068
sub-experimental036	32_K16_short_combined_small.mp4	896	911
sub-experimental036	33_S21_combined_small.mp4	368	378
sub-experimental036	34_Trick38_combined_small.mp4	523	536
sub-experimental036	35_Trick32_long_combined_small.mp4	8	31
sub-experimental036	36_Trick7_short_combined_small.mp4	46	56
sub-experimental038	01_H35_combined_small.mp4	804	822
sub-experimental038	02_H10_combined_small.mp4	1114	1129
sub-experimental038	03_H16_combined_small.mp4	738	754
sub-experimental038	04_S9_combined_small.mp4	616	631
sub-experimental038	05_K4_combined_small.mp4	520	535
sub-experimental038	06_H7_combined_small.mp4	677	693
sub-experimental038	07_K2_combined_small.mp4	492	505
sub-experimental038	08_S12_combined_small.mp4	269	289
sub-experimental038	09_S11_combined_small.mp4	875	886
sub-experimental038	10_S27_combined_small.mp4	124	139
sub-experimental038	11_K21_long_combined_small.mp4	1078	1099
sub-experimental038	12_H37_combined_small.mp4	366	380
sub-experimental038	13_Trick6_short_combined_small.mp4	34	52
sub-experimental038	14_K19_long_combined_small.mp4	928	943
sub-experimental038	15_S18_combined_small.mp4	772	787
sub-experimental038	16_H19_combined_small.mp4	8	19
sub-experimental038	17_Trick37_combined_small.mp4	230	252
sub-experimental038	18_Trick4_combined_small.mp4	576	599
sub-experimental038	19_H17_combined_small.mp4	395	418
sub-experimental038	20_Trick20_short_combined_small.mp4	647	659
sub-experimental038	21_S15_combined_small.mp4	332	347
sub-experimental038	22_K18_combined_small.mp4	550	560
sub-experimental038	23_K10_combined_small.mp4	304	315
sub-experimental038	24_Trick28_combined_small.mp4	195	215
sub-experimental038	25_S25_combined_small.mp4	154	180
sub-experimental038	26_S30_combined_small.mp4	97	109
sub-experimental038	27_S31_combined_small.mp4	69	79
sub-experimental038	28_K24_combined_small.mp4	462	473
sub-experimental038	29_H36_combined_small.mp4	990	1007
sub-experimental038	30_H15_combined_small.mp4	708	723
sub-experimental038	31_K3_combined_small.mp4	1023	1035
sub-experimental038	32_K16_short_combined_small.mp4	958	973
sub-experimental038	33_S21_combined_small.mp4	902	912
sub-experimental038	34_Trick38_combined_small.mp4	434	447
sub-experimental038	35_Trick32_long_combined_small.mp4	837	860
sub-experimental038	36_Trick7_short_combined_small.mp4	1050	1060
sub-experimental040	01_H35_combined_small.mp4	748	766
sub-experimental040	02_H10_combined_small.mp4	101	116
sub-experimental040	03_H16_combined_small.mp4	34	50
sub-experimental040	04_S9_combined_small.mp4	67	82
sub-experimental040	05_K4_combined_small.mp4	600	615
sub-experimental040	06_H7_combined_small.mp4	838	854
sub-experimental040	07_K2_combined_small.mp4	325	338
sub-experimental040	08_S12_combined_small.mp4	976	996
sub-experimental040	09_S11_combined_small.mp4	683	694
sub-experimental040	10_S27_combined_small.mp4	409	424
sub-experimental040	11_K21_long_combined_small.mp4	505	526
sub-experimental040	12_H37_combined_small.mp4	1041	1055
sub-experimental040	13_Trick6_short_combined_small.mp4	472	490
sub-experimental040	14_K19_long_combined_small.mp4	439	454
sub-experimental040	15_S18_combined_small.mp4	1114	1129
sub-experimental040	16_H19_combined_small.mp4	297	308
sub-experimental040	17_Trick37_combined_small.mp4	156	178
sub-experimental040	18_Trick4_combined_small.mp4	898	921
sub-experimental040	19_H17_combined_small.mp4	936	959
sub-experimental040	20_Trick20_short_combined_small.mp4	783	795
sub-experimental040	21_S15_combined_small.mp4	266	281
sub-experimental040	22_K18_combined_small.mp4	8	18
sub-experimental040	23_K10_combined_small.mp4	630	641
sub-experimental040	24_Trick28_combined_small.mp4	710	730
sub-experimental040	25_S25_combined_small.mp4	1073	1099
sub-experimental040	26_S30_combined_small.mp4	811	823
sub-experimental040	27_S31_combined_small.mp4	383	393
sub-experimental040	28_K24_combined_small.mp4	356	367
sub-experimental040	29_H36_combined_small.mp4	194	211
sub-experimental040	30_H15_combined_small.mp4	541	556
sub-experimental040	31_K3_combined_small.mp4	571	583
sub-experimental040	32_K16_short_combined_small.mp4	1011	1026
sub-experimental040	33_S21_combined_small.mp4	658	668
sub-experimental040	34_Trick38_combined_small.mp4	869	882
sub-experimental040	35_Trick32_long_combined_small.mp4	227	250
sub-experimental040	36_Trick7_short_combined_small.mp4	131	141
sub-experimental042	01_H35_combined_small.mp4	184	202
sub-experimental042	02_H10_combined_small.mp4	431	446
sub-experimental042	03_H16_combined_small.mp4	1015	1031
sub-experimental042	04_S9_combined_small.mp4	84	99
sub-experimental042	05_K4_combined_small.mp4	771	786
sub-experimental042	06_H7_combined_small.mp4	574	590
sub-experimental042	07_K2_combined_small.mp4	340	353
sub-experimental042	08_S12_combined_small.mp4	8	28
sub-experimental042	09_S11_combined_small.mp4	547	558
sub-experimental042	10_S27_combined_small.mp4	517	532
sub-experimental042	11_K21_long_combined_small.mp4	832	853
sub-experimental042	12_H37_combined_small.mp4	803	817
sub-experimental042	13_Trick6_short_combined_small.mp4	151	169
sub-experimental042	14_K19_long_combined_small.mp4	645	660
sub-experimental042	15_S18_combined_small.mp4	1046	1061
sub-experimental042	16_H19_combined_small.mp4	949	960
sub-experimental042	17_Trick37_combined_small.mp4	677	699
sub-experimental042	18_Trick4_combined_small.mp4	44	67
sub-experimental042	19_H17_combined_small.mp4	607	630
sub-experimental042	20_Trick20_short_combined_small.mp4	371	383
sub-experimental042	21_S15_combined_small.mp4	399	414
sub-experimental042	22_K18_combined_small.mp4	491	501
sub-experimental042	23_K10_combined_small.mp4	923	934
sub-experimental042	24_Trick28_combined_small.mp4	273	293
sub-experimental042	25_S25_combined_small.mp4	1104	1130
sub-experimental042	26_S30_combined_small.mp4	461	473
sub-experimental042	27_S31_combined_small.mp4	247	257
sub-experimental042	28_K24_combined_small.mp4	868	879
sub-experimental042	29_H36_combined_small.mp4	118	135
sub-experimental042	30_H15_combined_small.mp4	217	232
sub-experimental042	31_K3_combined_small.mp4	895	907
sub-experimental042	32_K16_short_combined_small.mp4	308	323
sub-experimental042	33_S21_combined_small.mp4	1079	1089
sub-experimental042	34_Trick38_combined_small.mp4	715	728
sub-experimental042	35_Trick32_long_combined_small.mp4	977	1000
sub-experimental042	36_Trick7_short_combined_small.mp4	743	753
sub-experimental044	01_H35_combined_small.mp4	38	56
sub-experimental044	02_H10_combined_small.mp4	740	755
sub-experimental044	03_H16_combined_small.mp4	448	464
sub-experimental044	04_S9_combined_small.mp4	868	883
sub-experimental044	05_K4_combined_small.mp4	8	23
sub-experimental044	06_H7_combined_small.mp4	990	1006
sub-experimental044	07_K2_combined_small.mp4	479	492
sub-experimental044	08_S12_combined_small.mp4	620	640
sub-experimental044	09_S11_combined_small.mp4	1082	1093
sub-experimental044	10_S27_combined_small.mp4	899	914
sub-experimental044	11_K21_long_combined_small.mp4	832	853
sub-experimental044	12_H37_combined_small.mp4	589	603
sub-experimental044	13_Trick6_short_combined_small.mp4	128	146
sub-experimental044	14_K19_long_combined_small.mp4	802	817
sub-experimental044	15_S18_combined_small.mp4	307	322
sub-experimental044	16_H19_combined_small.mp4	563	574
sub-experimental044	17_Trick37_combined_small.mp4	269	291
sub-experimental044	18_Trick4_combined_small.mp4	192	215
sub-experimental044	19_H17_combined_small.mp4	339	362
sub-experimental044	20_Trick20_short_combined_small.mp4	535	547
sub-experimental044	21_S15_combined_small.mp4	161	176
sub-experimental044	22_K18_combined_small.mp4	655	665
sub-experimental044	23_K10_combined_small.mp4	421	432
sub-experimental044	24_Trick28_combined_small.mp4	1109	1129
sub-experimental044	25_S25_combined_small.mp4	380	406
sub-experimental044	26_S30_combined_small.mp4	73	85
sub-experimental044	27_S31_combined_small.mp4	930	940
sub-experimental044	28_K24_combined_small.mp4	773	784
sub-experimental044	29_H36_combined_small.mp4	955	972
sub-experimental044	30_H15_combined_small.mp4	710	725
sub-experimental044	31_K3_combined_small.mp4	683	695
sub-experimental044	32_K16_short_combined_small.mp4	1049	1064
sub-experimental044	33_S21_combined_small.mp4	510	520
sub-experimental044	34_Trick38_combined_small.mp4	1021	1034
sub-experimental044	35_Trick32_long_combined_small.mp4	230	253
sub-experimental044	36_Trick7_short_combined_small.mp4	103	113
sub-experimental046	01_H35_combined_small.mp4	39	57
sub-experimental046	02_H10_combined_small.mp4	597	612
sub-experimental046	03_H16_combined_small.mp4	725	741
sub-experimental046	04_S9_combined_small.mp4	445	460
sub-experimental046	05_K4_combined_small.mp4	759	774
sub-experimental046	06_H7_combined_small.mp4	107	123
sub-experimental046	07_K2_combined_small.mp4	1019	1032
sub-experimental046	08_S12_combined_small.mp4	1110	1130
sub-experimental046	09_S11_combined_small.mp4	215	226
sub-experimental046	10_S27_combined_small.mp4	897	912
sub-experimental046	11_K21_long_combined_small.mp4	928	949
sub-experimental046	12_H37_combined_small.mp4	1047	1061
sub-experimental046	13_Trick6_short_combined_small.mp4	692	710
sub-experimental046	14_K19_long_combined_small.mp4	8	23
sub-experimental046	15_S18_combined_small.mp4	376	391
sub-experimental046	16_H19_combined_small.mp4	163	174
sub-experimental046	17_Trick37_combined_small.mp4	407	429
sub-experimental046	18_Trick4_combined_small.mp4	338	361
sub-experimental046	19_H17_combined_small.mp4	654	677
sub-experimental046	20_Trick20_short_combined_small.mp4	991	1003
sub-experimental046	21_S15_combined_small.mp4	1079	1094
sub-experimental046	22_K18_combined_small.mp4	189	199
sub-experimental046	23_K10_combined_small.mp4	512	523
sub-experimental046	24_Trick28_combined_small.mp4	300	320
sub-experimental046	25_S25_combined_small.mp4	818	844
sub-experimental046	26_S30_combined_small.mp4	271	283
sub-experimental046	27_S31_combined_small.mp4	964	974
sub-experimental046	28_K24_combined_small.mp4	791	802
sub-experimental046	29_H36_combined_small.mp4	479	496
sub-experimental046	30_H15_combined_small.mp4	74	89
sub-experimental046	31_K3_combined_small.mp4	538	550
sub-experimental046	32_K16_short_combined_small.mp4	565	580
sub-experimental046	33_S21_combined_small.mp4	627	637
sub-experimental046	34_Trick38_combined_small.mp4	243	256
sub-experimental046	35_Trick32_long_combined_small.mp4	859	882
sub-experimental046	36_Trick7_short_combined_small.mp4	138	148
sub-experimental048	01_H35_combined_small.mp4	225	243
sub-experimental048	02_H10_combined_small.mp4	1028	1043
sub-experimental048	03_H16_combined_small.mp4	8	24
sub-experimental048	04_S9_combined_small.mp4	139	154
sub-experimental048	05_K4_combined_small.mp4	259	274
sub-experimental048	06_H7_combined_small.mp4	588	604
sub-experimental048	07_K2_combined_small.mp4	400	413
sub-experimental048	08_S12_combined_small.mp4	928	948
sub-experimental048	09_S11_combined_small.mp4	1092	1103
sub-experimental048	10_S27_combined_small.mp4	621	636
sub-experimental048	11_K21_long_combined_small.mp4	485	506
sub-experimental048	12_H37_combined_small.mp4	521	535
sub-experimental048	13_Trick6_short_combined_small.mp4	963	981
sub-experimental048	14_K19_long_combined_small.mp4	651	666
sub-experimental048	15_S18_combined_small.mp4	813	828
sub-experimental048	16_H19_combined_small.mp4	40	51
sub-experimental048	17_Trick37_combined_small.mp4	332	354
sub-experimental048	18_Trick4_combined_small.mp4	773	796
sub-experimental048	19_H17_combined_small.mp4	68	91
sub-experimental048	20_Trick20_short_combined_small.mp4	170	182
sub-experimental048	21_S15_combined_small.mp4	1058	1073
sub-experimental048	22_K18_combined_small.mp4	1119	1129
sub-experimental048	23_K10_combined_small.mp4	843	854
sub-experimental048	24_Trick28_combined_small.mp4	735	755
sub-experimental048	25_S25_combined_small.mp4	289	315
sub-experimental048	26_S30_combined_small.mp4	683	695
sub-experimental048	27_S31_combined_small.mp4	902	912
sub-experimental048	28_K24_combined_small.mp4	373	384
sub-experimental048	29_H36_combined_small.mp4	869	886
sub-experimental048	30_H15_combined_small.mp4	109	124
sub-experimental048	31_K3_combined_small.mp4	198	210
sub-experimental048	32_K16_short_combined_small.mp4	998	1013
sub-experimental048	33_S21_combined_small.mp4	710	720
sub-experimental048	34_Trick38_combined_small.mp4	429	442
sub-experimental048	35_Trick32_long_combined_small.mp4	550	573
sub-experimental048	36_Trick7_short_combined_small.mp4	457	467
sub-experimental050	01_H35_combined_small.mp4	345	363
sub-experimental050	02_H10_combined_small.mp4	1026	1041
sub-experimental050	03_H16_combined_small.mp4	1114	1130
sub-experimental050	04_S9_combined_small.mp4	258	273
sub-experimental050	05_K4_combined_small.mp4	884	899
sub-experimental050	06_H7_combined_small.mp4	8	24
sub-experimental050	07_K2_combined_small.mp4	477	490
sub-experimental050	08_S12_combined_small.mp4	686	706
sub-experimental050	09_S11_combined_small.mp4	559	570
sub-experimental050	10_S27_combined_small.mp4	656	671
sub-experimental050	11_K21_long_combined_small.mp4	588	609
sub-experimental050	12_H37_combined_small.mp4	228	242
sub-experimental050	13_Trick6_short_combined_small.mp4	953	971
sub-experimental050	14_K19_long_combined_small.mp4	1056	1071
sub-experimental050	15_S18_combined_small.mp4	118	133
sub-experimental050	16_H19_combined_small.mp4	316	327
sub-experimental050	17_Trick37_combined_small.mp4	988	1010
sub-experimental050	18_Trick4_combined_small.mp4	721	744
sub-experimental050	19_H17_combined_small.mp4	40	63
sub-experimental050	20_Trick20_short_combined_small.mp4	200	212
sub-experimental050	21_S15_combined_small.mp4	853	868
sub-experimental050	22_K18_combined_small.mp4	448	458
sub-experimental050	23_K10_combined_small.mp4	827	838
sub-experimental050	24_Trick28_combined_small.mp4	80	100
sub-experimental050	25_S25_combined_small.mp4	378	404
sub-experimental050	26_S30_combined_small.mp4	505	517
sub-experimental050	27_S31_combined_small.mp4	1089	1099
sub-experimental050	28_K24_combined_small.mp4	148	159
sub-experimental050	29_H36_combined_small.mp4	762	779
sub-experimental050	30_H15_combined_small.mp4	797	812
sub-experimental050	31_K3_combined_small.mp4	532	544
sub-experimental050	32_K16_short_combined_small.mp4	624	639
sub-experimental050	33_S21_combined_small.mp4	289	299
sub-experimental050	34_Trick38_combined_small.mp4	420	433
sub-experimental050	35_Trick32_long_combined_small.mp4	915	938
sub-experimental050	36_Trick7_short_combined_small.mp4	175	185
